1,Bulbasaur,Grass,Poison,318,45,49,49,65,65,45,1,False,1,https://img.pokemondb.net/sprites/sword-shield/icon/bulbasaur.png,bulbasaur.png
2,Ivysaur,Grass,Poison,405,60,62,63,80,80,60,1,False,2,https://img.pokemondb.net/sprites/sword-shield/icon/ivysaur.png,ivysaur.png
3,"VenusaurMega Venusaur",Grass,Poison,625,80,100,123,122,120,80,1,False,3,https://img.pokemondb.net/sprites/sword-shield/icon/venusaur.png,venusaur.png
4,Charmander,Fire,,309,39,52,43,60,50,65,1,False,4,https://img.pokemondb.net/sprites/sword-shield/icon/charmander.png,charmander.png
5,Charmeleon,Fire,,405,58,64,58,80,65,80,1,False,5,https://img.pokemondb.net/sprites/sword-shield/icon/charmeleon.png,charmeleon.png
6,"CharizardMega Charizard Y",Fire,Flying,634,78,104,78,159,115,100,1,False,6,https://img.pokemondb.net/sprites/sword-shield/icon/charizard.png,charizard.png
7,Squirtle,Water,,314,44,48,65,50,64,43,1,False,7,https://img.pokemondb.net/sprites/sword-shield/icon/squirtle.png,squirtle.png
8,Wartortle,Water,,405,59,63,80,65,80,58,1,False,8,https://img.pokemondb.net/sprites/sword-shield/icon/wartortle.png,wartortle.png
9,"BlastoiseMega Blastoise",Water,,630,79,103,120,135,115,78,1,False,9,https://img.pokemondb.net/sprites/sword-shield/icon/blastoise.png,blastoise.png
10,Caterpie,Bug,,195,45,30,35,20,20,45,1,False,10,https://img.pokemondb.net/sprites/sword-shield/icon/caterpie.png,caterpie.png
11,Metapod,Bug,,205,50,20,55,25,25,30,1,False,11,https://img.pokemondb.net/sprites/sword-shield/icon/metapod.png,metapod.png
12,Butterfree,Bug,Flying,395,60,45,50,90,80,70,1,False,12,https://img.pokemondb.net/sprites/sword-shield/icon/butterfree.png,butterfree.png
13,Weedle,Bug,Poison,195,40,35,30,20,20,50,1,False,13,https://img.pokemondb.net/sprites/sword-shield/icon/weedle.png,weedle.png
14,Kakuna,Bug,Poison,205,45,25,50,25,25,35,1,False,14,https://img.pokemondb.net/sprites/sword-shield/icon/kakuna.png,kakuna.png
15,"BeedrillMega Beedrill",Bug,Poison,495,65,150,40,15,80,145,1,False,15,https://img.pokemondb.net/sprites/sword-shield/icon/beedrill.png,beedrill.png
16,Pidgey,Normal,Flying,251,40,45,40,35,35,56,1,False,16,https://img.pokemondb.net/sprites/sword-shield/icon/pidgey.png,pidgey.png
17,Pidgeotto,Normal,Flying,349,63,60,55,50,50,71,1,False,17,https://img.pokemondb.net/sprites/sword-shield/icon/pidgeotto.png,pidgeotto.png
18,"PidgeotMega Pidgeot",Normal,Flying,579,83,80,80,135,80,121,1,False,18,https://img.pokemondb.net/sprites/sword-shield/icon/pidgeot.png,pidgeot.png
19,Rattata,Normal,,253,30,56,35,25,35,72,1,False,19,https://img.pokemondb.net/sprites/sword-shield/icon/rattata.png,rattata.png
20,Raticate,Normal,,413,55,81,60,50,70,97,1,False,20,https://img.pokemondb.net/sprites/sword-shield/icon/raticate.png,raticate.png
21,Spearow,Normal,Flying,262,40,60,30,31,31,70,1,False,21,https://img.pokemondb.net/sprites/sword-shield/icon/spearow.png,spearow.png
22,Fearow,Normal,Flying,442,65,90,65,61,61,100,1,False,22,https://img.pokemondb.net/sprites/sword-shield/icon/fearow.png,fearow.png
23,Ekans,Poison,,288,35,60,44,40,54,55,1,False,23,https://img.pokemondb.net/sprites/sword-shield/icon/ekans.png,ekans.png
24,Arbok,Poison,,438,60,85,69,65,79,80,1,False,24,https://img.pokemondb.net/sprites/sword-shield/icon/arbok.png,arbok.png
25,Pikachu,Electric,,320,35,55,40,50,50,90,1,False,25,https://img.pokemondb.net/sprites/sword-shield/icon/pikachu.png,pikachu.png
26,Raichu,Electric,,485,60,90,55,90,80,110,1,False,26,https://img.pokemondb.net/sprites/sword-shield/icon/raichu.png,raichu.png
27,Sandshrew,Ground,,300,50,75,85,20,30,40,1,False,27,https://img.pokemondb.net/sprites/sword-shield/icon/sandshrew.png,sandshrew.png
28,Sandslash,Ground,,450,75,100,110,45,55,65,1,False,28,https://img.pokemondb.net/sprites/sword-shield/icon/sandslash.png,sandslash.png
29,Nidoran♀,Poison,,275,55,47,52,40,40,41,1,False,29,https://img.pokemondb.net/sprites/sword-shield/icon/nidoran-f.png,nidoran-f.png
30,Nidorina,Poison,,365,70,62,67,55,55,56,1,False,30,https://img.pokemondb.net/sprites/sword-shield/icon/nidorina.png,nidorina.png
31,Nidoqueen,Poison,Ground,505,90,92,87,75,85,76,1,False,31,https://img.pokemondb.net/sprites/sword-shield/icon/nidoqueen.png,nidoqueen.png
32,Nidoran♂,Poison,,273,46,57,40,40,40,50,1,False,32,https://img.pokemondb.net/sprites/sword-shield/icon/nidoran-m.png,nidoran-m.png
33,Nidorino,Poison,,365,61,72,57,55,55,65,1,False,33,https://img.pokemondb.net/sprites/sword-shield/icon/nidorino.png,nidorino.png
34,Nidoking,Poison,Ground,505,81,102,77,85,75,85,1,False,34,https://img.pokemondb.net/sprites/sword-shield/icon/nidoking.png,nidoking.png
35,Clefairy,Fairy,,323,70,45,48,60,65,35,1,False,35,https://img.pokemondb.net/sprites/sword-shield/icon/clefairy.png,clefairy.png
36,Clefable,Fairy,,483,95,70,73,95,90,60,1,False,36,https://img.pokemondb.net/sprites/sword-shield/icon/clefable.png,clefable.png
37,Vulpix,Fire,,299,38,41,40,50,65,65,1,False,37,https://img.pokemondb.net/sprites/sword-shield/icon/vulpix.png,vulpix.png
38,Ninetales,Fire,,505,73,76,75,81,100,100,1,False,38,https://img.pokemondb.net/sprites/sword-shield/icon/ninetales.png,ninetales.png
39,Jigglypuff,Normal,Fairy,270,115,45,20,45,25,20,1,False,39,https://img.pokemondb.net/sprites/sword-shield/icon/jigglypuff.png,jigglypuff.png
40,Wigglytuff,Normal,Fairy,435,140,70,45,85,50,45,1,False,40,https://img.pokemondb.net/sprites/sword-shield/icon/wigglytuff.png,wigglytuff.png
41,Zubat,Poison,Flying,245,40,45,35,30,40,55,1,False,41,https://img.pokemondb.net/sprites/sword-shield/icon/zubat.png,zubat.png
42,Golbat,Poison,Flying,455,75,80,70,65,75,90,1,False,42,https://img.pokemondb.net/sprites/sword-shield/icon/golbat.png,golbat.png
43,Oddish,Grass,Poison,320,45,50,55,75,65,30,1,False,43,https://img.pokemondb.net/sprites/sword-shield/icon/oddish.png,oddish.png
44,Gloom,Grass,Poison,395,60,65,70,85,75,40,1,False,44,https://img.pokemondb.net/sprites/sword-shield/icon/gloom.png,gloom.png
45,Vileplume,Grass,Poison,490,75,80,85,110,90,50,1,False,45,https://img.pokemondb.net/sprites/sword-shield/icon/vileplume.png,vileplume.png
46,Paras,Bug,Grass,285,35,70,55,45,55,25,1,False,46,https://img.pokemondb.net/sprites/sword-shield/icon/paras.png,paras.png
47,Parasect,Bug,Grass,405,60,95,80,60,80,30,1,False,47,https://img.pokemondb.net/sprites/sword-shield/icon/parasect.png,parasect.png
48,Venonat,Bug,Poison,305,60,55,50,40,55,45,1,False,48,https://img.pokemondb.net/sprites/sword-shield/icon/venonat.png,venonat.png
49,Venomoth,Bug,Poison,450,70,65,60,90,75,90,1,False,49,https://img.pokemondb.net/sprites/sword-shield/icon/venomoth.png,venomoth.png
50,Diglett,Ground,,265,10,55,25,35,45,95,1,False,50,https://img.pokemondb.net/sprites/sword-shield/icon/diglett.png,diglett.png
51,Dugtrio,Ground,,405,35,80,50,50,70,120,1,False,51,https://img.pokemondb.net/sprites/sword-shield/icon/dugtrio.png,dugtrio.png
52,Meowth,Normal,,290,40,45,35,40,40,90,1,False,52,https://img.pokemondb.net/sprites/sword-shield/icon/meowth.png,meowth.png
53,Persian,Normal,,440,65,70,60,65,65,115,1,False,53,https://img.pokemondb.net/sprites/sword-shield/icon/persian.png,persian.png
54,Psyduck,Water,,320,50,52,48,65,50,55,1,False,54,https://img.pokemondb.net/sprites/sword-shield/icon/psyduck.png,psyduck.png
55,Golduck,Water,,500,80,82,78,95,80,85,1,False,55,https://img.pokemondb.net/sprites/sword-shield/icon/golduck.png,golduck.png
56,Mankey,Fighting,,305,40,80,35,35,45,70,1,False,56,https://img.pokemondb.net/sprites/sword-shield/icon/mankey.png,mankey.png
57,Primeape,Fighting,,455,65,105,60,60,70,95,1,False,57,https://img.pokemondb.net/sprites/sword-shield/icon/primeape.png,primeape.png
58,Growlithe,Fire,,350,55,70,45,70,50,60,1,False,58,https://img.pokemondb.net/sprites/sword-shield/icon/growlithe.png,growlithe.png
59,Arcanine,Fire,,555,90,110,80,100,80,95,1,False,59,https://img.pokemondb.net/sprites/sword-shield/icon/arcanine.png,arcanine.png
60,Poliwag,Water,,300,40,50,40,40,40,90,1,False,60,https://img.pokemondb.net/sprites/sword-shield/icon/poliwag.png,poliwag.png
61,Poliwhirl,Water,,385,65,65,65,50,50,90,1,False,61,https://img.pokemondb.net/sprites/sword-shield/icon/poliwhirl.png,poliwhirl.png
62,Poliwrath,Water,Fighting,510,90,95,95,70,90,70,1,False,62,https://img.pokemondb.net/sprites/sword-shield/icon/poliwrath.png,poliwrath.png
63,Abra,Psychic,,310,25,20,15,105,55,90,1,False,63,https://img.pokemondb.net/sprites/sword-shield/icon/abra.png,abra.png
64,Kadabra,Psychic,,400,40,35,30,120,70,105,1,False,64,https://img.pokemondb.net/sprites/sword-shield/icon/kadabra.png,kadabra.png
65,"AlakazamMega Alakazam",Psychic,,590,55,50,65,175,95,150,1,False,65,https://img.pokemondb.net/sprites/sword-shield/icon/alakazam.png,alakazam.png
66,Machop,Fighting,,305,70,80,50,35,35,35,1,False,66,https://img.pokemondb.net/sprites/sword-shield/icon/machop.png,machop.png
67,Machoke,Fighting,,405,80,100,70,50,60,45,1,False,67,https://img.pokemondb.net/sprites/sword-shield/icon/machoke.png,machoke.png
68,Machamp,Fighting,,505,90,130,80,65,85,55,1,False,68,https://img.pokemondb.net/sprites/sword-shield/icon/machamp.png,machamp.png
69,Bellsprout,Grass,Poison,300,50,75,35,70,30,40,1,False,69,https://img.pokemondb.net/sprites/sword-shield/icon/bellsprout.png,bellsprout.png
70,Weepinbell,Grass,Poison,390,65,90,50,85,45,55,1,False,70,https://img.pokemondb.net/sprites/sword-shield/icon/weepinbell.png,weepinbell.png
71,Victreebel,Grass,Poison,490,80,105,65,100,70,70,1,False,71,https://img.pokemondb.net/sprites/sword-shield/icon/victreebel.png,victreebel.png
72,Tentacool,Water,Poison,335,40,40,35,50,100,70,1,False,72,https://img.pokemondb.net/sprites/sword-shield/icon/tentacool.png,tentacool.png
73,Tentacruel,Water,Poison,515,80,70,65,80,120,100,1,False,73,https://img.pokemondb.net/sprites/sword-shield/icon/tentacruel.png,tentacruel.png
74,Geodude,Rock,Ground,300,40,80,100,30,30,20,1,False,74,https://img.pokemondb.net/sprites/sword-shield/icon/geodude.png,geodude.png
75,Graveler,Rock,Ground,390,55,95,115,45,45,35,1,False,75,https://img.pokemondb.net/sprites/sword-shield/icon/graveler.png,graveler.png
76,Golem,Rock,Ground,495,80,120,130,55,65,45,1,False,76,https://img.pokemondb.net/sprites/sword-shield/icon/golem.png,golem.png
77,Ponyta,Fire,,410,50,85,55,65,65,90,1,False,77,https://img.pokemondb.net/sprites/sword-shield/icon/ponyta.png,ponyta.png
78,Rapidash,Fire,,500,65,100,70,80,80,105,1,False,78,https://img.pokemondb.net/sprites/sword-shield/icon/rapidash.png,rapidash.png
79,Slowpoke,Water,Psychic,315,90,65,65,40,40,15,1,False,79,https://img.pokemondb.net/sprites/sword-shield/icon/slowpoke.png,slowpoke.png
80,"SlowbroMega Slowbro",Water,Psychic,590,95,75,180,130,80,30,1,False,80,https://img.pokemondb.net/sprites/sword-shield/icon/slowbro.png,slowbro.png
81,Magnemite,Electric,Steel,325,25,35,70,95,55,45,1,False,81,https://img.pokemondb.net/sprites/sword-shield/icon/magnemite.png,magnemite.png
82,Magneton,Electric,Steel,465,50,60,95,120,70,70,1,False,82,https://img.pokemondb.net/sprites/sword-shield/icon/magneton.png,magneton.png
83,Farfetch'd,Normal,Flying,352,52,65,55,58,62,60,1,False,83,https://img.pokemondb.net/sprites/sword-shield/icon/farfetchd.png,farfetchd.png
84,Doduo,Normal,Flying,310,35,85,45,35,35,75,1,False,84,https://img.pokemondb.net/sprites/sword-shield/icon/doduo.png,doduo.png
85,Dodrio,Normal,Flying,460,60,110,70,60,60,100,1,False,85,https://img.pokemondb.net/sprites/sword-shield/icon/dodrio.png,dodrio.png
86,Seel,Water,,325,65,45,55,45,70,45,1,False,86,https://img.pokemondb.net/sprites/sword-shield/icon/seel.png,seel.png
87,Dewgong,Water,Ice,475,90,70,80,70,95,70,1,False,87,https://img.pokemondb.net/sprites/sword-shield/icon/dewgong.png,dewgong.png
88,Grimer,Poison,,325,80,80,50,40,50,25,1,False,88,https://img.pokemondb.net/sprites/sword-shield/icon/grimer.png,grimer.png
89,Muk,Poison,,500,105,105,75,65,100,50,1,False,89,https://img.pokemondb.net/sprites/sword-shield/icon/muk.png,muk.png
90,Shellder,Water,,305,30,65,100,45,25,40,1,False,90,https://img.pokemondb.net/sprites/sword-shield/icon/shellder.png,shellder.png
91,Cloyster,Water,Ice,525,50,95,180,85,45,70,1,False,91,https://img.pokemondb.net/sprites/sword-shield/icon/cloyster.png,cloyster.png
92,Gastly,Ghost,Poison,310,30,35,30,100,35,80,1,False,92,https://img.pokemondb.net/sprites/sword-shield/icon/gastly.png,gastly.png
93,Haunter,Ghost,Poison,405,45,50,45,115,55,95,1,False,93,https://img.pokemondb.net/sprites/sword-shield/icon/haunter.png,haunter.png
94,"GengarMega Gengar",Ghost,Poison,600,60,65,80,170,95,130,1,False,94,https://img.pokemondb.net/sprites/sword-shield/icon/gengar.png,gengar.png
95,Onix,Rock,Ground,385,35,45,160,30,45,70,1,False,95,https://img.pokemondb.net/sprites/sword-shield/icon/onix.png,onix.png
96,Drowzee,Psychic,,328,60,48,45,43,90,42,1,False,96,https://img.pokemondb.net/sprites/sword-shield/icon/drowzee.png,drowzee.png
97,Hypno,Psychic,,483,85,73,70,73,115,67,1,False,97,https://img.pokemondb.net/sprites/sword-shield/icon/hypno.png,hypno.png
98,Krabby,Water,,325,30,105,90,25,25,50,1,False,98,https://img.pokemondb.net/sprites/sword-shield/icon/krabby.png,krabby.png
99,Kingler,Water,,475,55,130,115,50,50,75,1,False,99,https://img.pokemondb.net/sprites/sword-shield/icon/kingler.png,kingler.png
100,Voltorb,Electric,,330,40,30,50,55,55,100,1,False,100,https://img.pokemondb.net/sprites/sword-shield/icon/voltorb.png,voltorb.png
101,Electrode,Electric,,480,60,50,70,80,80,140,1,False,101,https://img.pokemondb.net/sprites/sword-shield/icon/electrode.png,electrode.png
102,Exeggcute,Grass,Psychic,325,60,40,80,60,45,40,1,False,102,https://img.pokemondb.net/sprites/sword-shield/icon/exeggcute.png,exeggcute.png
103,Exeggutor,Grass,Psychic,520,95,95,85,125,65,55,1,False,103,https://img.pokemondb.net/sprites/sword-shield/icon/exeggutor.png,exeggutor.png
104,Cubone,Ground,,320,50,50,95,40,50,35,1,False,104,https://img.pokemondb.net/sprites/sword-shield/icon/cubone.png,cubone.png
105,Marowak,Ground,,425,60,80,110,50,80,45,1,False,105,https://img.pokemondb.net/sprites/sword-shield/icon/marowak.png,marowak.png
106,Hitmonlee,Fighting,,455,50,120,53,35,110,87,1,False,106,https://img.pokemondb.net/sprites/sword-shield/icon/hitmonlee.png,hitmonlee.png
107,Hitmonchan,Fighting,,455,50,105,79,35,110,76,1,False,107,https://img.pokemondb.net/sprites/sword-shield/icon/hitmonchan.png,hitmonchan.png
108,Lickitung,Normal,,385,90,55,75,60,75,30,1,False,108,https://img.pokemondb.net/sprites/sword-shield/icon/lickitung.png,lickitung.png
109,Koffing,Poison,,340,40,65,95,60,45,35,1,False,109,https://img.pokemondb.net/sprites/sword-shield/icon/koffing.png,koffing.png
110,Weezing,Poison,,490,65,90,120,85,70,60,1,False,110,https://img.pokemondb.net/sprites/sword-shield/icon/weezing.png,weezing.png
111,Rhyhorn,Ground,Rock,345,80,85,95,30,30,25,1,False,111,https://img.pokemondb.net/sprites/sword-shield/icon/rhyhorn.png,rhyhorn.png
112,Rhydon,Ground,Rock,485,105,130,120,45,45,40,1,False,112,https://img.pokemondb.net/sprites/sword-shield/icon/rhydon.png,rhydon.png
113,Chansey,Normal,,450,250,5,5,35,105,50,1,False,113,https://img.pokemondb.net/sprites/sword-shield/icon/chansey.png,chansey.png
114,Tangela,Grass,,435,65,55,115,100,40,60,1,False,114,https://img.pokemondb.net/sprites/sword-shield/icon/tangela.png,tangela.png
115,"KangaskhanMega Kangaskhan",Normal,,590,105,125,100,60,100,100,1,False,115,https://img.pokemondb.net/sprites/sword-shield/icon/kangaskhan.png,kangaskhan.png
116,Horsea,Water,,295,30,40,70,70,25,60,1,False,116,https://img.pokemondb.net/sprites/sword-shield/icon/horsea.png,horsea.png
117,Seadra,Water,,440,55,65,95,95,45,85,1,False,117,https://img.pokemondb.net/sprites/sword-shield/icon/seadra.png,seadra.png
118,Goldeen,Water,,320,45,67,60,35,50,63,1,False,118,https://img.pokemondb.net/sprites/sword-shield/icon/goldeen.png,goldeen.png
119,Seaking,Water,,450,80,92,65,65,80,68,1,False,119,https://img.pokemondb.net/sprites/sword-shield/icon/seaking.png,seaking.png
120,Staryu,Water,,340,30,45,55,70,55,85,1,False,120,https://img.pokemondb.net/sprites/sword-shield/icon/staryu.png,staryu.png
121,Starmie,Water,Psychic,520,60,75,85,100,85,115,1,False,121,https://img.pokemondb.net/sprites/sword-shield/icon/starmie.png,starmie.png
122,"Mr. Mime",Psychic,Fairy,460,40,45,65,100,120,90,1,False,122,https://img.pokemondb.net/sprites/sword-shield/icon/mr-mime.png,mr-mime.png
123,Scyther,Bug,Flying,500,70,110,80,55,80,105,1,False,123,https://img.pokemondb.net/sprites/sword-shield/icon/scyther.png,scyther.png
124,Jynx,Ice,Psychic,455,65,50,35,115,95,95,1,False,124,https://img.pokemondb.net/sprites/sword-shield/icon/jynx.png,jynx.png
125,Electabuzz,Electric,,490,65,83,57,95,85,105,1,False,125,https://img.pokemondb.net/sprites/sword-shield/icon/electabuzz.png,electabuzz.png
126,Magmar,Fire,,495,65,95,57,100,85,93,1,False,126,https://img.pokemondb.net/sprites/sword-shield/icon/magmar.png,magmar.png
127,"PinsirMega Pinsir",Bug,Flying,600,65,155,120,65,90,105,1,False,127,https://img.pokemondb.net/sprites/sword-shield/icon/pinsir.png,pinsir.png
128,Tauros,Normal,,490,75,100,95,40,70,110,1,False,128,https://img.pokemondb.net/sprites/sword-shield/icon/tauros.png,tauros.png
129,Magikarp,Water,,200,20,10,55,15,20,80,1,False,129,https://img.pokemondb.net/sprites/sword-shield/icon/magikarp.png,magikarp.png
130,"GyaradosMega Gyarados",Water,Dark,640,95,155,109,70,130,81,1,False,130,https://img.pokemondb.net/sprites/sword-shield/icon/gyarados.png,gyarados.png
131,Lapras,Water,Ice,535,130,85,80,85,95,60,1,False,131,https://img.pokemondb.net/sprites/sword-shield/icon/lapras.png,lapras.png
132,Ditto,Normal,,288,48,48,48,48,48,48,1,False,132,https://img.pokemondb.net/sprites/sword-shield/icon/ditto.png,ditto.png
133,Eevee,Normal,,325,55,55,50,45,65,55,1,False,133,https://img.pokemondb.net/sprites/sword-shield/icon/eevee.png,eevee.png
134,Vaporeon,Water,,525,130,65,60,110,95,65,1,False,134,https://img.pokemondb.net/sprites/sword-shield/icon/vaporeon.png,vaporeon.png
135,Jolteon,Electric,,525,65,65,60,110,95,130,1,False,135,https://img.pokemondb.net/sprites/sword-shield/icon/jolteon.png,jolteon.png
136,Flareon,Fire,,525,65,130,60,95,110,65,1,False,136,https://img.pokemondb.net/sprites/sword-shield/icon/flareon.png,flareon.png
137,Porygon,Normal,,395,65,60,70,85,75,40,1,False,137,https://img.pokemondb.net/sprites/sword-shield/icon/porygon.png,porygon.png
138,Omanyte,Rock,Water,355,35,40,100,90,55,35,1,False,138,https://img.pokemondb.net/sprites/sword-shield/icon/omanyte.png,omanyte.png
139,Omastar,Rock,Water,495,70,60,125,115,70,55,1,False,139,https://img.pokemondb.net/sprites/sword-shield/icon/omastar.png,omastar.png
140,Kabuto,Rock,Water,355,30,80,90,55,45,55,1,False,140,https://img.pokemondb.net/sprites/sword-shield/icon/kabuto.png,kabuto.png
141,Kabutops,Rock,Water,495,60,115,105,65,70,80,1,False,141,https://img.pokemondb.net/sprites/sword-shield/icon/kabutops.png,kabutops.png
142,"AerodactylMega Aerodactyl",Rock,Flying,615,80,135,85,70,95,150,1,False,142,https://img.pokemondb.net/sprites/sword-shield/icon/aerodactyl.png,aerodactyl.png
143,Snorlax,Normal,,540,160,110,65,65,110,30,1,False,143,https://img.pokemondb.net/sprites/sword-shield/icon/snorlax.png,snorlax.png
144,Articuno,Ice,Flying,580,90,85,100,95,125,85,1,True,144,https://img.pokemondb.net/sprites/sword-shield/icon/articuno.png,articuno.png
145,Zapdos,Electric,Flying,580,90,90,85,125,90,100,1,True,145,https://img.pokemondb.net/sprites/sword-shield/icon/zapdos.png,zapdos.png
146,Moltres,Fire,Flying,580,90,100,90,125,85,90,1,True,146,https://img.pokemondb.net/sprites/sword-shield/icon/moltres.png,moltres.png
147,Dratini,Dragon,,300,41,64,45,50,50,50,1,False,147,https://img.pokemondb.net/sprites/sword-shield/icon/dratini.png,dratini.png
148,Dragonair,Dragon,,420,61,84,65,70,70,70,1,False,148,https://img.pokemondb.net/sprites/sword-shield/icon/dragonair.png,dragonair.png
149,Dragonite,Dragon,Flying,600,91,134,95,100,100,80,1,False,149,https://img.pokemondb.net/sprites/sword-shield/icon/dragonite.png,dragonite.png
150,"MewtwoMega Mewtwo Y",Psychic,,780,106,150,70,194,120,140,1,True,150,https://img.pokemondb.net/sprites/sword-shield/icon/mewtwo.png,mewtwo.png
151,Mew,Psychic,,600,100,100,100,100,100,100,1,False,151,https://img.pokemondb.net/sprites/sword-shield/icon/mew.png,mew.png
152,Chikorita,Grass,,318,45,49,65,49,65,45,2,False,152,https://img.pokemondb.net/sprites/sword-shield/icon/chikorita.png,chikorita.png
153,Bayleef,Grass,,405,60,62,80,63,80,60,2,False,153,https://img.pokemondb.net/sprites/sword-shield/icon/bayleef.png,bayleef.png
154,Meganium,Grass,,525,80,82,100,83,100,80,2,False,154,https://img.pokemondb.net/sprites/sword-shield/icon/meganium.png,meganium.png
155,Cyndaquil,Fire,,309,39,52,43,60,50,65,2,False,155,https://img.pokemondb.net/sprites/sword-shield/icon/cyndaquil.png,cyndaquil.png
156,Quilava,Fire,,405,58,64,58,80,65,80,2,False,156,https://img.pokemondb.net/sprites/sword-shield/icon/quilava.png,quilava.png
157,Typhlosion,Fire,,534,78,84,78,109,85,100,2,False,157,https://img.pokemondb.net/sprites/sword-shield/icon/typhlosion.png,typhlosion.png
158,Totodile,Water,,314,50,65,64,44,48,43,2,False,158,https://img.pokemondb.net/sprites/sword-shield/icon/totodile.png,totodile.png
159,Croconaw,Water,,405,65,80,80,59,63,58,2,False,159,https://img.pokemondb.net/sprites/sword-shield/icon/croconaw.png,croconaw.png
160,Feraligatr,Water,,530,85,105,100,79,83,78,2,False,160,https://img.pokemondb.net/sprites/sword-shield/icon/feraligatr.png,feraligatr.png
161,Sentret,Normal,,215,35,46,34,35,45,20,2,False,161,https://img.pokemondb.net/sprites/sword-shield/icon/sentret.png,sentret.png
162,Furret,Normal,,415,85,76,64,45,55,90,2,False,162,https://img.pokemondb.net/sprites/sword-shield/icon/furret.png,furret.png
163,Hoothoot,Normal,Flying,262,60,30,30,36,56,50,2,False,163,https://img.pokemondb.net/sprites/sword-shield/icon/hoothoot.png,hoothoot.png
164,Noctowl,Normal,Flying,442,100,50,50,76,96,70,2,False,164,https://img.pokemondb.net/sprites/sword-shield/icon/noctowl.png,noctowl.png
165,Ledyba,Bug,Flying,265,40,20,30,40,80,55,2,False,165,https://img.pokemondb.net/sprites/sword-shield/icon/ledyba.png,ledyba.png
166,Ledian,Bug,Flying,390,55,35,50,55,110,85,2,False,166,https://img.pokemondb.net/sprites/sword-shield/icon/ledian.png,ledian.png
167,Spinarak,Bug,Poison,250,40,60,40,40,40,30,2,False,167,https://img.pokemondb.net/sprites/sword-shield/icon/spinarak.png,spinarak.png
168,Ariados,Bug,Poison,390,70,90,70,60,60,40,2,False,168,https://img.pokemondb.net/sprites/sword-shield/icon/ariados.png,ariados.png
169,Crobat,Poison,Flying,535,85,90,80,70,80,130,2,False,169,https://img.pokemondb.net/sprites/sword-shield/icon/crobat.png,crobat.png
170,Chinchou,Water,Electric,330,75,38,38,56,56,67,2,False,170,https://img.pokemondb.net/sprites/sword-shield/icon/chinchou.png,chinchou.png
171,Lanturn,Water,Electric,460,125,58,58,76,76,67,2,False,171,https://img.pokemondb.net/sprites/sword-shield/icon/lanturn.png,lanturn.png
172,Pichu,Electric,,205,20,40,15,35,35,60,2,False,172,https://img.pokemondb.net/sprites/sword-shield/icon/pichu.png,pichu.png
173,Cleffa,Fairy,,218,50,25,28,45,55,15,2,False,173,https://img.pokemondb.net/sprites/sword-shield/icon/cleffa.png,cleffa.png
174,Igglybuff,Normal,Fairy,210,90,30,15,40,20,15,2,False,174,https://img.pokemondb.net/sprites/sword-shield/icon/igglybuff.png,igglybuff.png
175,Togepi,Fairy,,245,35,20,65,40,65,20,2,False,175,https://img.pokemondb.net/sprites/sword-shield/icon/togepi.png,togepi.png
176,Togetic,Fairy,Flying,405,55,40,85,80,105,40,2,False,176,https://img.pokemondb.net/sprites/sword-shield/icon/togetic.png,togetic.png
177,Natu,Psychic,Flying,320,40,50,45,70,45,70,2,False,177,https://img.pokemondb.net/sprites/sword-shield/icon/natu.png,natu.png
178,Xatu,Psychic,Flying,470,65,75,70,95,70,95,2,False,178,https://img.pokemondb.net/sprites/sword-shield/icon/xatu.png,xatu.png
179,Mareep,Electric,,280,55,40,40,65,45,35,2,False,179,https://img.pokemondb.net/sprites/sword-shield/icon/mareep.png,mareep.png
180,Flaaffy,Electric,,365,70,55,55,80,60,45,2,False,180,https://img.pokemondb.net/sprites/sword-shield/icon/flaaffy.png,flaaffy.png
181,"AmpharosMega Ampharos",Electric,Dragon,610,90,95,105,165,110,45,2,False,181,https://img.pokemondb.net/sprites/sword-shield/icon/ampharos.png,ampharos.png
182,Bellossom,Grass,,490,75,80,95,90,100,50,2,False,182,https://img.pokemondb.net/sprites/sword-shield/icon/bellossom.png,bellossom.png
183,Marill,Water,Fairy,250,70,20,50,20,50,40,2,False,183,https://img.pokemondb.net/sprites/sword-shield/icon/marill.png,marill.png
184,Azumarill,Water,Fairy,420,100,50,80,60,80,50,2,False,184,https://img.pokemondb.net/sprites/sword-shield/icon/azumarill.png,azumarill.png
185,Sudowoodo,Rock,,410,70,100,115,30,65,30,2,False,185,https://img.pokemondb.net/sprites/sword-shield/icon/sudowoodo.png,sudowoodo.png
186,Politoed,Water,,500,90,75,75,90,100,70,2,False,186,https://img.pokemondb.net/sprites/sword-shield/icon/politoed.png,politoed.png
187,Hoppip,Grass,Flying,250,35,35,40,35,55,50,2,False,187,https://img.pokemondb.net/sprites/sword-shield/icon/hoppip.png,hoppip.png
188,Skiploom,Grass,Flying,340,55,45,50,45,65,80,2,False,188,https://img.pokemondb.net/sprites/sword-shield/icon/skiploom.png,skiploom.png
189,Jumpluff,Grass,Flying,460,75,55,70,55,95,110,2,False,189,https://img.pokemondb.net/sprites/sword-shield/icon/jumpluff.png,jumpluff.png
190,Aipom,Normal,,360,55,70,55,40,55,85,2,False,190,https://img.pokemondb.net/sprites/sword-shield/icon/aipom.png,aipom.png
191,Sunkern,Grass,,180,30,30,30,30,30,30,2,False,191,https://img.pokemondb.net/sprites/sword-shield/icon/sunkern.png,sunkern.png
192,Sunflora,Grass,,425,75,75,55,105,85,30,2,False,192,https://img.pokemondb.net/sprites/sword-shield/icon/sunflora.png,sunflora.png
193,Yanma,Bug,Flying,390,65,65,45,75,45,95,2,False,193,https://img.pokemondb.net/sprites/sword-shield/icon/yanma.png,yanma.png
194,Wooper,Water,Ground,210,55,45,45,25,25,15,2,False,194,https://img.pokemondb.net/sprites/sword-shield/icon/wooper.png,wooper.png
195,Quagsire,Water,Ground,430,95,85,85,65,65,35,2,False,195,https://img.pokemondb.net/sprites/sword-shield/icon/quagsire.png,quagsire.png
196,Espeon,Psychic,,525,65,65,60,130,95,110,2,False,196,https://img.pokemondb.net/sprites/sword-shield/icon/espeon.png,espeon.png
197,Umbreon,Dark,,525,95,65,110,60,130,65,2,False,197,https://img.pokemondb.net/sprites/sword-shield/icon/umbreon.png,umbreon.png
198,Murkrow,Dark,Flying,405,60,85,42,85,42,91,2,False,198,https://img.pokemondb.net/sprites/sword-shield/icon/murkrow.png,murkrow.png
199,Slowking,Water,Psychic,490,95,75,80,100,110,30,2,False,199,https://img.pokemondb.net/sprites/sword-shield/icon/slowking.png,slowking.png
200,Misdreavus,Ghost,,435,60,60,60,85,85,85,2,False,200,https://img.pokemondb.net/sprites/sword-shield/icon/misdreavus.png,misdreavus.png
201,Unown,Psychic,,336,48,72,48,72,48,48,2,False,201,https://img.pokemondb.net/sprites/sword-shield/icon/unown.png,unown.png
202,Wobbuffet,Psychic,,405,190,33,58,33,58,33,2,False,202,https://img.pokemondb.net/sprites/sword-shield/icon/wobbuffet.png,wobbuffet.png
203,Girafarig,Normal,Psychic,455,70,80,65,90,65,85,2,False,203,https://img.pokemondb.net/sprites/sword-shield/icon/girafarig.png,girafarig.png
204,Pineco,Bug,,290,50,65,90,35,35,15,2,False,204,https://img.pokemondb.net/sprites/sword-shield/icon/pineco.png,pineco.png
205,Forretress,Bug,Steel,465,75,90,140,60,60,40,2,False,205,https://img.pokemondb.net/sprites/sword-shield/icon/forretress.png,forretress.png
206,Dunsparce,Normal,,415,100,70,70,65,65,45,2,False,206,https://img.pokemondb.net/sprites/sword-shield/icon/dunsparce.png,dunsparce.png
207,Gligar,Ground,Flying,430,65,75,105,35,65,85,2,False,207,https://img.pokemondb.net/sprites/sword-shield/icon/gligar.png,gligar.png
208,"SteelixMega Steelix",Steel,Ground,610,75,125,230,55,95,30,2,False,208,https://img.pokemondb.net/sprites/sword-shield/icon/steelix.png,steelix.png
209,Snubbull,Fairy,,300,60,80,50,40,40,30,2,False,209,https://img.pokemondb.net/sprites/sword-shield/icon/snubbull.png,snubbull.png
210,Granbull,Fairy,,450,90,120,75,60,60,45,2,False,210,https://img.pokemondb.net/sprites/sword-shield/icon/granbull.png,granbull.png
211,Qwilfish,Water,Poison,430,65,95,75,55,55,85,2,False,211,https://img.pokemondb.net/sprites/sword-shield/icon/qwilfish.png,qwilfish.png
212,"ScizorMega Scizor",Bug,Steel,600,70,150,140,65,100,75,2,False,212,https://img.pokemondb.net/sprites/sword-shield/icon/scizor.png,scizor.png
213,Shuckle,Bug,Rock,505,20,10,230,10,230,5,2,False,213,https://img.pokemondb.net/sprites/sword-shield/icon/shuckle.png,shuckle.png
214,"HeracrossMega Heracross",Bug,Fighting,600,80,185,115,40,105,75,2,False,214,https://img.pokemondb.net/sprites/sword-shield/icon/heracross.png,heracross.png
215,Sneasel,Dark,Ice,430,55,95,55,35,75,115,2,False,215,https://img.pokemondb.net/sprites/sword-shield/icon/sneasel.png,sneasel.png
216,Teddiursa,Normal,,330,60,80,50,50,50,40,2,False,216,https://img.pokemondb.net/sprites/sword-shield/icon/teddiursa.png,teddiursa.png
217,Ursaring,Normal,,500,90,130,75,75,75,55,2,False,217,https://img.pokemondb.net/sprites/sword-shield/icon/ursaring.png,ursaring.png
218,Slugma,Fire,,250,40,40,40,70,40,20,2,False,218,https://img.pokemondb.net/sprites/sword-shield/icon/slugma.png,slugma.png
219,Magcargo,Fire,Rock,410,50,50,120,80,80,30,2,False,219,https://img.pokemondb.net/sprites/sword-shield/icon/magcargo.png,magcargo.png
220,Swinub,Ice,Ground,250,50,50,40,30,30,50,2,False,220,https://img.pokemondb.net/sprites/sword-shield/icon/swinub.png,swinub.png
221,Piloswine,Ice,Ground,450,100,100,80,60,60,50,2,False,221,https://img.pokemondb.net/sprites/sword-shield/icon/piloswine.png,piloswine.png
222,Corsola,Water,Rock,380,55,55,85,65,85,35,2,False,222,https://img.pokemondb.net/sprites/sword-shield/icon/corsola.png,corsola.png
223,Remoraid,Water,,300,35,65,35,65,35,65,2,False,223,https://img.pokemondb.net/sprites/sword-shield/icon/remoraid.png,remoraid.png
224,Octillery,Water,,480,75,105,75,105,75,45,2,False,224,https://img.pokemondb.net/sprites/sword-shield/icon/octillery.png,octillery.png
225,Delibird,Ice,Flying,330,45,55,45,65,45,75,2,False,225,https://img.pokemondb.net/sprites/sword-shield/icon/delibird.png,delibird.png
226,Mantine,Water,Flying,465,65,40,70,80,140,70,2,False,226,https://img.pokemondb.net/sprites/sword-shield/icon/mantine.png,mantine.png
227,Skarmory,Steel,Flying,465,65,80,140,40,70,70,2,False,227,https://img.pokemondb.net/sprites/sword-shield/icon/skarmory.png,skarmory.png
228,Houndour,Dark,Fire,330,45,60,30,80,50,65,2,False,228,https://img.pokemondb.net/sprites/sword-shield/icon/houndour.png,houndour.png
229,"HoundoomMega Houndoom",Dark,Fire,600,75,90,90,140,90,115,2,False,229,https://img.pokemondb.net/sprites/sword-shield/icon/houndoom.png,houndoom.png
230,Kingdra,Water,Dragon,540,75,95,95,95,95,85,2,False,230,https://img.pokemondb.net/sprites/sword-shield/icon/kingdra.png,kingdra.png
231,Phanpy,Ground,,330,90,60,60,40,40,40,2,False,231,https://img.pokemondb.net/sprites/sword-shield/icon/phanpy.png,phanpy.png
232,Donphan,Ground,,500,90,120,120,60,60,50,2,False,232,https://img.pokemondb.net/sprites/sword-shield/icon/donphan.png,donphan.png
233,Porygon2,Normal,,515,85,80,90,105,95,60,2,False,233,https://img.pokemondb.net/sprites/sword-shield/icon/porygon2.png,porygon2.png
234,Stantler,Normal,,465,73,95,62,85,65,85,2,False,234,https://img.pokemondb.net/sprites/sword-shield/icon/stantler.png,stantler.png
235,Smeargle,Normal,,250,55,20,35,20,45,75,2,False,235,https://img.pokemondb.net/sprites/sword-shield/icon/smeargle.png,smeargle.png
236,Tyrogue,Fighting,,210,35,35,35,35,35,35,2,False,236,https://img.pokemondb.net/sprites/sword-shield/icon/tyrogue.png,tyrogue.png
237,Hitmontop,Fighting,,455,50,95,95,35,110,70,2,False,237,https://img.pokemondb.net/sprites/sword-shield/icon/hitmontop.png,hitmontop.png
238,Smoochum,Ice,Psychic,305,45,30,15,85,65,65,2,False,238,https://img.pokemondb.net/sprites/sword-shield/icon/smoochum.png,smoochum.png
239,Elekid,Electric,,360,45,63,37,65,55,95,2,False,239,https://img.pokemondb.net/sprites/sword-shield/icon/elekid.png,elekid.png
240,Magby,Fire,,365,45,75,37,70,55,83,2,False,240,https://img.pokemondb.net/sprites/sword-shield/icon/magby.png,magby.png
241,Miltank,Normal,,490,95,80,105,40,70,100,2,False,241,https://img.pokemondb.net/sprites/sword-shield/icon/miltank.png,miltank.png
242,Blissey,Normal,,540,255,10,10,75,135,55,2,False,242,https://img.pokemondb.net/sprites/sword-shield/icon/blissey.png,blissey.png
243,Raikou,Electric,,580,90,85,75,115,100,115,2,True,243,https://img.pokemondb.net/sprites/sword-shield/icon/raikou.png,raikou.png
244,Entei,Fire,,580,115,115,85,90,75,100,2,True,244,https://img.pokemondb.net/sprites/sword-shield/icon/entei.png,entei.png
245,Suicune,Water,,580,100,75,115,90,115,85,2,True,245,https://img.pokemondb.net/sprites/sword-shield/icon/suicune.png,suicune.png
246,Larvitar,Rock,Ground,300,50,64,50,45,50,41,2,False,246,https://img.pokemondb.net/sprites/sword-shield/icon/larvitar.png,larvitar.png
247,Pupitar,Rock,Ground,410,70,84,70,65,70,51,2,False,247,https://img.pokemondb.net/sprites/sword-shield/icon/pupitar.png,pupitar.png
248,"TyranitarMega Tyranitar",Rock,Dark,700,100,164,150,95,120,71,2,False,248,https://img.pokemondb.net/sprites/sword-shield/icon/tyranitar.png,tyranitar.png
249,Lugia,Psychic,Flying,680,106,90,130,90,154,110,2,True,249,https://img.pokemondb.net/sprites/sword-shield/icon/lugia.png,lugia.png
250,Ho-oh,Fire,Flying,680,106,130,90,110,154,90,2,True,250,https://img.pokemondb.net/sprites/sword-shield/icon/ho-oh.png,ho-oh.png
251,Celebi,Psychic,Grass,600,100,100,100,100,100,100,2,False,251,https://img.pokemondb.net/sprites/sword-shield/icon/celebi.png,celebi.png
252,Treecko,Grass,,310,40,45,35,65,55,70,3,False,252,https://img.pokemondb.net/sprites/sword-shield/icon/treecko.png,treecko.png
253,Grovyle,Grass,,405,50,65,45,85,65,95,3,False,253,https://img.pokemondb.net/sprites/sword-shield/icon/grovyle.png,grovyle.png
254,"SceptileMega Sceptile",Grass,Dragon,630,70,110,75,145,85,145,3,False,254,https://img.pokemondb.net/sprites/sword-shield/icon/sceptile.png,sceptile.png
255,Torchic,Fire,,310,45,60,40,70,50,45,3,False,255,https://img.pokemondb.net/sprites/sword-shield/icon/torchic.png,torchic.png
256,Combusken,Fire,Fighting,405,60,85,60,85,60,55,3,False,256,https://img.pokemondb.net/sprites/sword-shield/icon/combusken.png,combusken.png
257,"BlazikenMega Blaziken",Fire,Fighting,630,80,160,80,130,80,100,3,False,257,https://img.pokemondb.net/sprites/sword-shield/icon/blaziken.png,blaziken.png
258,Mudkip,Water,,310,50,70,50,50,50,40,3,False,258,https://img.pokemondb.net/sprites/sword-shield/icon/mudkip.png,mudkip.png
259,Marshtomp,Water,Ground,405,70,85,70,60,70,50,3,False,259,https://img.pokemondb.net/sprites/sword-shield/icon/marshtomp.png,marshtomp.png
260,"SwampertMega Swampert",Water,Ground,635,100,150,110,95,110,70,3,False,260,https://img.pokemondb.net/sprites/sword-shield/icon/swampert.png,swampert.png
261,Poochyena,Dark,,220,35,55,35,30,30,35,3,False,261,https://img.pokemondb.net/sprites/sword-shield/icon/poochyena.png,poochyena.png
262,Mightyena,Dark,,420,70,90,70,60,60,70,3,False,262,https://img.pokemondb.net/sprites/sword-shield/icon/mightyena.png,mightyena.png
263,Zigzagoon,Normal,,240,38,30,41,30,41,60,3,False,263,https://img.pokemondb.net/sprites/sword-shield/icon/zigzagoon.png,zigzagoon.png
264,Linoone,Normal,,420,78,70,61,50,61,100,3,False,264,https://img.pokemondb.net/sprites/sword-shield/icon/linoone.png,linoone.png
265,Wurmple,Bug,,195,45,45,35,20,30,20,3,False,265,https://img.pokemondb.net/sprites/sword-shield/icon/wurmple.png,wurmple.png
266,Silcoon,Bug,,205,50,35,55,25,25,15,3,False,266,https://img.pokemondb.net/sprites/sword-shield/icon/silcoon.png,silcoon.png
267,Beautifly,Bug,Flying,395,60,70,50,100,50,65,3,False,267,https://img.pokemondb.net/sprites/sword-shield/icon/beautifly.png,beautifly.png
268,Cascoon,Bug,,205,50,35,55,25,25,15,3,False,268,https://img.pokemondb.net/sprites/sword-shield/icon/cascoon.png,cascoon.png
269,Dustox,Bug,Poison,385,60,50,70,50,90,65,3,False,269,https://img.pokemondb.net/sprites/sword-shield/icon/dustox.png,dustox.png
270,Lotad,Water,Grass,220,40,30,30,40,50,30,3,False,270,https://img.pokemondb.net/sprites/sword-shield/icon/lotad.png,lotad.png
271,Lombre,Water,Grass,340,60,50,50,60,70,50,3,False,271,https://img.pokemondb.net/sprites/sword-shield/icon/lombre.png,lombre.png
272,Ludicolo,Water,Grass,480,80,70,70,90,100,70,3,False,272,https://img.pokemondb.net/sprites/sword-shield/icon/ludicolo.png,ludicolo.png
273,Seedot,Grass,,220,40,40,50,30,30,30,3,False,273,https://img.pokemondb.net/sprites/sword-shield/icon/seedot.png,seedot.png
274,Nuzleaf,Grass,Dark,340,70,70,40,60,40,60,3,False,274,https://img.pokemondb.net/sprites/sword-shield/icon/nuzleaf.png,nuzleaf.png
275,Shiftry,Grass,Dark,480,90,100,60,90,60,80,3,False,275,https://img.pokemondb.net/sprites/sword-shield/icon/shiftry.png,shiftry.png
276,Taillow,Normal,Flying,270,40,55,30,30,30,85,3,False,276,https://img.pokemondb.net/sprites/sword-shield/icon/taillow.png,taillow.png
277,Swellow,Normal,Flying,430,60,85,60,50,50,125,3,False,277,https://img.pokemondb.net/sprites/sword-shield/icon/swellow.png,swellow.png
278,Wingull,Water,Flying,270,40,30,30,55,30,85,3,False,278,https://img.pokemondb.net/sprites/sword-shield/icon/wingull.png,wingull.png
279,Pelipper,Water,Flying,430,60,50,100,85,70,65,3,False,279,https://img.pokemondb.net/sprites/sword-shield/icon/pelipper.png,pelipper.png
280,Ralts,Psychic,Fairy,198,28,25,25,45,35,40,3,False,280,https://img.pokemondb.net/sprites/sword-shield/icon/ralts.png,ralts.png
281,Kirlia,Psychic,Fairy,278,38,35,35,65,55,50,3,False,281,https://img.pokemondb.net/sprites/sword-shield/icon/kirlia.png,kirlia.png
282,"GardevoirMega Gardevoir",Psychic,Fairy,618,68,85,65,165,135,100,3,False,282,https://img.pokemondb.net/sprites/sword-shield/icon/gardevoir.png,gardevoir.png
283,Surskit,Bug,Water,269,40,30,32,50,52,65,3,False,283,https://img.pokemondb.net/sprites/sword-shield/icon/surskit.png,surskit.png
284,Masquerain,Bug,Flying,414,70,60,62,80,82,60,3,False,284,https://img.pokemondb.net/sprites/sword-shield/icon/masquerain.png,masquerain.png
285,Shroomish,Grass,,295,60,40,60,40,60,35,3,False,285,https://img.pokemondb.net/sprites/sword-shield/icon/shroomish.png,shroomish.png
286,Breloom,Grass,Fighting,460,60,130,80,60,60,70,3,False,286,https://img.pokemondb.net/sprites/sword-shield/icon/breloom.png,breloom.png
287,Slakoth,Normal,,280,60,60,60,35,35,30,3,False,287,https://img.pokemondb.net/sprites/sword-shield/icon/slakoth.png,slakoth.png
288,Vigoroth,Normal,,440,80,80,80,55,55,90,3,False,288,https://img.pokemondb.net/sprites/sword-shield/icon/vigoroth.png,vigoroth.png
289,Slaking,Normal,,670,150,160,100,95,65,100,3,False,289,https://img.pokemondb.net/sprites/sword-shield/icon/slaking.png,slaking.png
290,Nincada,Bug,Ground,266,31,45,90,30,30,40,3,False,290,https://img.pokemondb.net/sprites/sword-shield/icon/nincada.png,nincada.png
291,Ninjask,Bug,Flying,456,61,90,45,50,50,160,3,False,291,https://img.pokemondb.net/sprites/sword-shield/icon/ninjask.png,ninjask.png
292,Shedinja,Bug,Ghost,236,1,90,45,30,30,40,3,False,292,https://img.pokemondb.net/sprites/sword-shield/icon/shedinja.png,shedinja.png
293,Whismur,Normal,,240,64,51,23,51,23,28,3,False,293,https://img.pokemondb.net/sprites/sword-shield/icon/whismur.png,whismur.png
294,Loudred,Normal,,360,84,71,43,71,43,48,3,False,294,https://img.pokemondb.net/sprites/sword-shield/icon/loudred.png,loudred.png
295,Exploud,Normal,,490,104,91,63,91,73,68,3,False,295,https://img.pokemondb.net/sprites/sword-shield/icon/exploud.png,exploud.png
296,Makuhita,Fighting,,237,72,60,30,20,30,25,3,False,296,https://img.pokemondb.net/sprites/sword-shield/icon/makuhita.png,makuhita.png
297,Hariyama,Fighting,,474,144,120,60,40,60,50,3,False,297,https://img.pokemondb.net/sprites/sword-shield/icon/hariyama.png,hariyama.png
298,Azurill,Normal,Fairy,190,50,20,40,20,40,20,3,False,298,https://img.pokemondb.net/sprites/sword-shield/icon/azurill.png,azurill.png
299,Nosepass,Rock,,375,30,45,135,45,90,30,3,False,299,https://img.pokemondb.net/sprites/sword-shield/icon/nosepass.png,nosepass.png
300,Skitty,Normal,,260,50,45,45,35,35,50,3,False,300,https://img.pokemondb.net/sprites/sword-shield/icon/skitty.png,skitty.png
301,Delcatty,Normal,,380,70,65,65,55,55,70,3,False,301,https://img.pokemondb.net/sprites/sword-shield/icon/delcatty.png,delcatty.png
302,"SableyeMega Sableye",Dark,Ghost,480,50,85,125,85,115,20,3,False,302,https://img.pokemondb.net/sprites/sword-shield/icon/sableye.png,sableye.png
303,"MawileMega Mawile",Steel,Fairy,480,50,105,125,55,95,50,3,False,303,https://img.pokemondb.net/sprites/sword-shield/icon/mawile.png,mawile.png
304,Aron,Steel,Rock,330,50,70,100,40,40,30,3,False,304,https://img.pokemondb.net/sprites/sword-shield/icon/aron.png,aron.png
305,Lairon,Steel,Rock,430,60,90,140,50,50,40,3,False,305,https://img.pokemondb.net/sprites/sword-shield/icon/lairon.png,lairon.png
306,"AggronMega Aggron",Steel,,630,70,140,230,60,80,50,3,False,306,https://img.pokemondb.net/sprites/sword-shield/icon/aggron.png,aggron.png
307,Meditite,Fighting,Psychic,280,30,40,55,40,55,60,3,False,307,https://img.pokemondb.net/sprites/sword-shield/icon/meditite.png,meditite.png
308,"MedichamMega Medicham",Fighting,Psychic,510,60,100,85,80,85,100,3,False,308,https://img.pokemondb.net/sprites/sword-shield/icon/medicham.png,medicham.png
309,Electrike,Electric,,295,40,45,40,65,40,65,3,False,309,https://img.pokemondb.net/sprites/sword-shield/icon/electrike.png,electrike.png
310,"ManectricMega Manectric",Electric,,575,70,75,80,135,80,135,3,False,310,https://img.pokemondb.net/sprites/sword-shield/icon/manectric.png,manectric.png
311,Plusle,Electric,,405,60,50,40,85,75,95,3,False,311,https://img.pokemondb.net/sprites/sword-shield/icon/plusle.png,plusle.png
312,Minun,Electric,,405,60,40,50,75,85,95,3,False,312,https://img.pokemondb.net/sprites/sword-shield/icon/minun.png,minun.png
313,Volbeat,Bug,,400,65,73,55,47,75,85,3,False,313,https://img.pokemondb.net/sprites/sword-shield/icon/volbeat.png,volbeat.png
314,Illumise,Bug,,400,65,47,55,73,75,85,3,False,314,https://img.pokemondb.net/sprites/sword-shield/icon/illumise.png,illumise.png
315,Roselia,Grass,Poison,400,50,60,45,100,80,65,3,False,315,https://img.pokemondb.net/sprites/sword-shield/icon/roselia.png,roselia.png
316,Gulpin,Poison,,302,70,43,53,43,53,40,3,False,316,https://img.pokemondb.net/sprites/sword-shield/icon/gulpin.png,gulpin.png
317,Swalot,Poison,,467,100,73,83,73,83,55,3,False,317,https://img.pokemondb.net/sprites/sword-shield/icon/swalot.png,swalot.png
318,Carvanha,Water,Dark,305,45,90,20,65,20,65,3,False,318,https://img.pokemondb.net/sprites/sword-shield/icon/carvanha.png,carvanha.png
319,"SharpedoMega Sharpedo",Water,Dark,560,70,140,70,110,65,105,3,False,319,https://img.pokemondb.net/sprites/sword-shield/icon/sharpedo.png,sharpedo.png
320,Wailmer,Water,,400,130,70,35,70,35,60,3,False,320,https://img.pokemondb.net/sprites/sword-shield/icon/wailmer.png,wailmer.png
321,Wailord,Water,,500,170,90,45,90,45,60,3,False,321,https://img.pokemondb.net/sprites/sword-shield/icon/wailord.png,wailord.png
322,Numel,Fire,Ground,305,60,60,40,65,45,35,3,False,322,https://img.pokemondb.net/sprites/sword-shield/icon/numel.png,numel.png
323,"CameruptMega Camerupt",Fire,Ground,560,70,120,100,145,105,20,3,False,323,https://img.pokemondb.net/sprites/sword-shield/icon/camerupt.png,camerupt.png
324,Torkoal,Fire,,470,70,85,140,85,70,20,3,False,324,https://img.pokemondb.net/sprites/sword-shield/icon/torkoal.png,torkoal.png
325,Spoink,Psychic,,330,60,25,35,70,80,60,3,False,325,https://img.pokemondb.net/sprites/sword-shield/icon/spoink.png,spoink.png
326,Grumpig,Psychic,,470,80,45,65,90,110,80,3,False,326,https://img.pokemondb.net/sprites/sword-shield/icon/grumpig.png,grumpig.png
327,Spinda,Normal,,360,60,60,60,60,60,60,3,False,327,https://img.pokemondb.net/sprites/sword-shield/icon/spinda.png,spinda.png
328,Trapinch,Ground,,290,45,100,45,45,45,10,3,False,328,https://img.pokemondb.net/sprites/sword-shield/icon/trapinch.png,trapinch.png
329,Vibrava,Ground,Dragon,340,50,70,50,50,50,70,3,False,329,https://img.pokemondb.net/sprites/sword-shield/icon/vibrava.png,vibrava.png
330,Flygon,Ground,Dragon,520,80,100,80,80,80,100,3,False,330,https://img.pokemondb.net/sprites/sword-shield/icon/flygon.png,flygon.png
331,Cacnea,Grass,,335,50,85,40,85,40,35,3,False,331,https://img.pokemondb.net/sprites/sword-shield/icon/cacnea.png,cacnea.png
332,Cacturne,Grass,Dark,475,70,115,60,115,60,55,3,False,332,https://img.pokemondb.net/sprites/sword-shield/icon/cacturne.png,cacturne.png
333,Swablu,Normal,Flying,310,45,40,60,40,75,50,3,False,333,https://img.pokemondb.net/sprites/sword-shield/icon/swablu.png,swablu.png
334,"AltariaMega Altaria",Dragon,Fairy,590,75,110,110,110,105,80,3,False,334,https://img.pokemondb.net/sprites/sword-shield/icon/altaria.png,altaria.png
335,Zangoose,Normal,,458,73,115,60,60,60,90,3,False,335,https://img.pokemondb.net/sprites/sword-shield/icon/zangoose.png,zangoose.png
336,Seviper,Poison,,458,73,100,60,100,60,65,3,False,336,https://img.pokemondb.net/sprites/sword-shield/icon/seviper.png,seviper.png
337,Lunatone,Rock,Psychic,440,70,55,65,95,85,70,3,False,337,https://img.pokemondb.net/sprites/sword-shield/icon/lunatone.png,lunatone.png
338,Solrock,Rock,Psychic,440,70,95,85,55,65,70,3,False,338,https://img.pokemondb.net/sprites/sword-shield/icon/solrock.png,solrock.png
339,Barboach,Water,Ground,288,50,48,43,46,41,60,3,False,339,https://img.pokemondb.net/sprites/sword-shield/icon/barboach.png,barboach.png
340,Whiscash,Water,Ground,468,110,78,73,76,71,60,3,False,340,https://img.pokemondb.net/sprites/sword-shield/icon/whiscash.png,whiscash.png
341,Corphish,Water,,308,43,80,65,50,35,35,3,False,341,https://img.pokemondb.net/sprites/sword-shield/icon/corphish.png,corphish.png
342,Crawdaunt,Water,Dark,468,63,120,85,90,55,55,3,False,342,https://img.pokemondb.net/sprites/sword-shield/icon/crawdaunt.png,crawdaunt.png
343,Baltoy,Ground,Psychic,300,40,40,55,40,70,55,3,False,343,https://img.pokemondb.net/sprites/sword-shield/icon/baltoy.png,baltoy.png
344,Claydol,Ground,Psychic,500,60,70,105,70,120,75,3,False,344,https://img.pokemondb.net/sprites/sword-shield/icon/claydol.png,claydol.png
345,Lileep,Rock,Grass,355,66,41,77,61,87,23,3,False,345,https://img.pokemondb.net/sprites/sword-shield/icon/lileep.png,lileep.png
346,Cradily,Rock,Grass,495,86,81,97,81,107,43,3,False,346,https://img.pokemondb.net/sprites/sword-shield/icon/cradily.png,cradily.png
347,Anorith,Rock,Bug,355,45,95,50,40,50,75,3,False,347,https://img.pokemondb.net/sprites/sword-shield/icon/anorith.png,anorith.png
348,Armaldo,Rock,Bug,495,75,125,100,70,80,45,3,False,348,https://img.pokemondb.net/sprites/sword-shield/icon/armaldo.png,armaldo.png
349,Feebas,Water,,200,20,15,20,10,55,80,3,False,349,https://img.pokemondb.net/sprites/sword-shield/icon/feebas.png,feebas.png
350,Milotic,Water,,540,95,60,79,100,125,81,3,False,350,https://img.pokemondb.net/sprites/sword-shield/icon/milotic.png,milotic.png
351,Castform,Normal,,420,70,70,70,70,70,70,3,False,351,https://img.pokemondb.net/sprites/sword-shield/icon/castform.png,castform.png
352,Kecleon,Normal,,440,60,90,70,60,120,40,3,False,352,https://img.pokemondb.net/sprites/sword-shield/icon/kecleon.png,kecleon.png
353,Shuppet,Ghost,,295,44,75,35,63,33,45,3,False,353,https://img.pokemondb.net/sprites/sword-shield/icon/shuppet.png,shuppet.png
354,"BanetteMega Banette",Ghost,,555,64,165,75,93,83,75,3,False,354,https://img.pokemondb.net/sprites/sword-shield/icon/banette.png,banette.png
355,Duskull,Ghost,,295,20,40,90,30,90,25,3,False,355,https://img.pokemondb.net/sprites/sword-shield/icon/duskull.png,duskull.png
356,Dusclops,Ghost,,455,40,70,130,60,130,25,3,False,356,https://img.pokemondb.net/sprites/sword-shield/icon/dusclops.png,dusclops.png
357,Tropius,Grass,Flying,460,99,68,83,72,87,51,3,False,357,https://img.pokemondb.net/sprites/sword-shield/icon/tropius.png,tropius.png
358,Chimecho,Psychic,,425,65,50,70,95,80,65,3,False,358,https://img.pokemondb.net/sprites/sword-shield/icon/chimecho.png,chimecho.png
359,"AbsolMega Absol",Dark,,565,65,150,60,115,60,115,3,False,359,https://img.pokemondb.net/sprites/sword-shield/icon/absol.png,absol.png
360,Wynaut,Psychic,,260,95,23,48,23,48,23,3,False,360,https://img.pokemondb.net/sprites/sword-shield/icon/wynaut.png,wynaut.png
361,Snorunt,Ice,,300,50,50,50,50,50,50,3,False,361,https://img.pokemondb.net/sprites/sword-shield/icon/snorunt.png,snorunt.png
362,"GlalieMega Glalie",Ice,,580,80,120,80,120,80,100,3,False,362,https://img.pokemondb.net/sprites/sword-shield/icon/glalie.png,glalie.png
363,Spheal,Ice,Water,290,70,40,50,55,50,25,3,False,363,https://img.pokemondb.net/sprites/sword-shield/icon/spheal.png,spheal.png
364,Sealeo,Ice,Water,410,90,60,70,75,70,45,3,False,364,https://img.pokemondb.net/sprites/sword-shield/icon/sealeo.png,sealeo.png
365,Walrein,Ice,Water,530,110,80,90,95,90,65,3,False,365,https://img.pokemondb.net/sprites/sword-shield/icon/walrein.png,walrein.png
366,Clamperl,Water,,345,35,64,85,74,55,32,3,False,366,https://img.pokemondb.net/sprites/sword-shield/icon/clamperl.png,clamperl.png
367,Huntail,Water,,485,55,104,105,94,75,52,3,False,367,https://img.pokemondb.net/sprites/sword-shield/icon/huntail.png,huntail.png
368,Gorebyss,Water,,485,55,84,105,114,75,52,3,False,368,https://img.pokemondb.net/sprites/sword-shield/icon/gorebyss.png,gorebyss.png
369,Relicanth,Water,Rock,485,100,90,130,45,65,55,3,False,369,https://img.pokemondb.net/sprites/sword-shield/icon/relicanth.png,relicanth.png
370,Luvdisc,Water,,330,43,30,55,40,65,97,3,False,370,https://img.pokemondb.net/sprites/sword-shield/icon/luvdisc.png,luvdisc.png
371,Bagon,Dragon,,300,45,75,60,40,30,50,3,False,371,https://img.pokemondb.net/sprites/sword-shield/icon/bagon.png,bagon.png
372,Shelgon,Dragon,,420,65,95,100,60,50,50,3,False,372,https://img.pokemondb.net/sprites/sword-shield/icon/shelgon.png,shelgon.png
373,"SalamenceMega Salamence",Dragon,Flying,700,95,145,130,120,90,120,3,False,373,https://img.pokemondb.net/sprites/sword-shield/icon/salamence.png,salamence.png
374,Beldum,Steel,Psychic,300,40,55,80,35,60,30,3,False,374,https://img.pokemondb.net/sprites/sword-shield/icon/beldum.png,beldum.png
375,Metang,Steel,Psychic,420,60,75,100,55,80,50,3,False,375,https://img.pokemondb.net/sprites/sword-shield/icon/metang.png,metang.png
376,"MetagrossMega Metagross",Steel,Psychic,700,80,145,150,105,110,110,3,False,376,https://img.pokemondb.net/sprites/sword-shield/icon/metagross.png,metagross.png
377,Regirock,Rock,,580,80,100,200,50,100,50,3,True,377,https://img.pokemondb.net/sprites/sword-shield/icon/regirock.png,regirock.png
378,Regice,Ice,,580,80,50,100,100,200,50,3,True,378,https://img.pokemondb.net/sprites/sword-shield/icon/regice.png,regice.png
379,Registeel,Steel,,580,80,75,150,75,150,50,3,True,379,https://img.pokemondb.net/sprites/sword-shield/icon/registeel.png,registeel.png
380,"LatiasMega Latias",Dragon,Psychic,700,80,100,120,140,150,110,3,True,380,https://img.pokemondb.net/sprites/sword-shield/icon/latias.png,latias.png
381,"LatiosMega Latios",Dragon,Psychic,700,80,130,100,160,120,110,3,True,381,https://img.pokemondb.net/sprites/sword-shield/icon/latios.png,latios.png
382,"KyogrePrimal Kyogre",Water,,770,100,150,90,180,160,90,3,True,382,https://img.pokemondb.net/sprites/sword-shield/icon/kyogre.png,kyogre.png
383,"GroudonPrimal Groudon",Ground,Fire,770,100,180,160,150,90,90,3,True,383,https://img.pokemondb.net/sprites/sword-shield/icon/groudon.png,groudon.png
384,"RayquazaMega Rayquaza",Dragon,Flying,780,105,180,100,180,100,115,3,True,384,https://img.pokemondb.net/sprites/sword-shield/icon/rayquaza.png,rayquaza.png
385,Jirachi,Steel,Psychic,600,100,100,100,100,100,100,3,True,385,https://img.pokemondb.net/sprites/sword-shield/icon/jirachi.png,jirachi.png
386,"DeoxysSpeed Forme",Psychic,,600,50,95,90,95,90,180,3,True,386,https://img.pokemondb.net/sprites/sword-shield/icon/deoxys-normal.png,deoxys-normal.png
387,Turtwig,Grass,,318,55,68,64,45,55,31,4,False,387,https://img.pokemondb.net/sprites/sword-shield/icon/turtwig.png,turtwig.png
388,Grotle,Grass,,405,75,89,85,55,65,36,4,False,388,https://img.pokemondb.net/sprites/sword-shield/icon/grotle.png,grotle.png
389,Torterra,Grass,Ground,525,95,109,105,75,85,56,4,False,389,https://img.pokemondb.net/sprites/sword-shield/icon/torterra.png,torterra.png
390,Chimchar,Fire,,309,44,58,44,58,44,61,4,False,390,https://img.pokemondb.net/sprites/sword-shield/icon/chimchar.png,chimchar.png
391,Monferno,Fire,Fighting,405,64,78,52,78,52,81,4,False,391,https://img.pokemondb.net/sprites/sword-shield/icon/monferno.png,monferno.png
392,Infernape,Fire,Fighting,534,76,104,71,104,71,108,4,False,392,https://img.pokemondb.net/sprites/sword-shield/icon/infernape.png,infernape.png
393,Piplup,Water,,314,53,51,53,61,56,40,4,False,393,https://img.pokemondb.net/sprites/sword-shield/icon/piplup.png,piplup.png
394,Prinplup,Water,,405,64,66,68,81,76,50,4,False,394,https://img.pokemondb.net/sprites/sword-shield/icon/prinplup.png,prinplup.png
395,Empoleon,Water,Steel,530,84,86,88,111,101,60,4,False,395,https://img.pokemondb.net/sprites/sword-shield/icon/empoleon.png,empoleon.png
396,Starly,Normal,Flying,245,40,55,30,30,30,60,4,False,396,https://img.pokemondb.net/sprites/sword-shield/icon/starly.png,starly.png
397,Staravia,Normal,Flying,340,55,75,50,40,40,80,4,False,397,https://img.pokemondb.net/sprites/sword-shield/icon/staravia.png,staravia.png
398,Staraptor,Normal,Flying,485,85,120,70,50,60,100,4,False,398,https://img.pokemondb.net/sprites/sword-shield/icon/staraptor.png,staraptor.png
399,Bidoof,Normal,,250,59,45,40,35,40,31,4,False,399,https://img.pokemondb.net/sprites/sword-shield/icon/bidoof.png,bidoof.png
400,Bibarel,Normal,Water,410,79,85,60,55,60,71,4,False,400,https://img.pokemondb.net/sprites/sword-shield/icon/bibarel.png,bibarel.png
401,Kricketot,Bug,,194,37,25,41,25,41,25,4,False,401,https://img.pokemondb.net/sprites/sword-shield/icon/kricketot.png,kricketot.png
402,Kricketune,Bug,,384,77,85,51,55,51,65,4,False,402,https://img.pokemondb.net/sprites/sword-shield/icon/kricketune.png,kricketune.png
403,Shinx,Electric,,263,45,65,34,40,34,45,4,False,403,https://img.pokemondb.net/sprites/sword-shield/icon/shinx.png,shinx.png
404,Luxio,Electric,,363,60,85,49,60,49,60,4,False,404,https://img.pokemondb.net/sprites/sword-shield/icon/luxio.png,luxio.png
405,Luxray,Electric,,523,80,120,79,95,79,70,4,False,405,https://img.pokemondb.net/sprites/sword-shield/icon/luxray.png,luxray.png
406,Budew,Grass,Poison,280,40,30,35,50,70,55,4,False,406,https://img.pokemondb.net/sprites/sword-shield/icon/budew.png,budew.png
407,Roserade,Grass,Poison,515,60,70,65,125,105,90,4,False,407,https://img.pokemondb.net/sprites/sword-shield/icon/roserade.png,roserade.png
408,Cranidos,Rock,,350,67,125,40,30,30,58,4,False,408,https://img.pokemondb.net/sprites/sword-shield/icon/cranidos.png,cranidos.png
409,Rampardos,Rock,,495,97,165,60,65,50,58,4,False,409,https://img.pokemondb.net/sprites/sword-shield/icon/rampardos.png,rampardos.png
410,Shieldon,Rock,Steel,350,30,42,118,42,88,30,4,False,410,https://img.pokemondb.net/sprites/sword-shield/icon/shieldon.png,shieldon.png
411,Bastiodon,Rock,Steel,495,60,52,168,47,138,30,4,False,411,https://img.pokemondb.net/sprites/sword-shield/icon/bastiodon.png,bastiodon.png
412,Burmy,Bug,,224,40,29,45,29,45,36,4,False,412,https://img.pokemondb.net/sprites/sword-shield/icon/burmy.png,burmy.png
413,"WormadamTrash Cloak",Bug,Steel,424,60,69,95,69,95,36,4,False,413,https://img.pokemondb.net/sprites/sword-shield/icon/wormadam-plant.png,wormadam-plant.png
414,Mothim,Bug,Flying,424,70,94,50,94,50,66,4,False,414,https://img.pokemondb.net/sprites/sword-shield/icon/mothim.png,mothim.png
415,Combee,Bug,Flying,244,30,30,42,30,42,70,4,False,415,https://img.pokemondb.net/sprites/sword-shield/icon/combee.png,combee.png
416,Vespiquen,Bug,Flying,474,70,80,102,80,102,40,4,False,416,https://img.pokemondb.net/sprites/sword-shield/icon/vespiquen.png,vespiquen.png
417,Pachirisu,Electric,,405,60,45,70,45,90,95,4,False,417,https://img.pokemondb.net/sprites/sword-shield/icon/pachirisu.png,pachirisu.png
418,Buizel,Water,,330,55,65,35,60,30,85,4,False,418,https://img.pokemondb.net/sprites/sword-shield/icon/buizel.png,buizel.png
419,Floatzel,Water,,495,85,105,55,85,50,115,4,False,419,https://img.pokemondb.net/sprites/sword-shield/icon/floatzel.png,floatzel.png
420,Cherubi,Grass,,275,45,35,45,62,53,35,4,False,420,https://img.pokemondb.net/sprites/sword-shield/icon/cherubi.png,cherubi.png
421,Cherrim,Grass,,450,70,60,70,87,78,85,4,False,421,https://img.pokemondb.net/sprites/sword-shield/icon/cherrim.png,cherrim.png
422,Shellos,Water,,325,76,48,48,57,62,34,4,False,422,https://img.pokemondb.net/sprites/sword-shield/icon/shellos.png,shellos.png
423,Gastrodon,Water,Ground,475,111,83,68,92,82,39,4,False,423,https://img.pokemondb.net/sprites/sword-shield/icon/gastrodon.png,gastrodon.png
424,Ambipom,Normal,,482,75,100,66,60,66,115,4,False,424,https://img.pokemondb.net/sprites/sword-shield/icon/ambipom.png,ambipom.png
425,Drifloon,Ghost,Flying,348,90,50,34,60,44,70,4,False,425,https://img.pokemondb.net/sprites/sword-shield/icon/drifloon.png,drifloon.png
426,Drifblim,Ghost,Flying,498,150,80,44,90,54,80,4,False,426,https://img.pokemondb.net/sprites/sword-shield/icon/drifblim.png,drifblim.png
427,Buneary,Normal,,350,55,66,44,44,56,85,4,False,427,https://img.pokemondb.net/sprites/sword-shield/icon/buneary.png,buneary.png
428,"LopunnyMega Lopunny",Normal,Fighting,580,65,136,94,54,96,135,4,False,428,https://img.pokemondb.net/sprites/sword-shield/icon/lopunny.png,lopunny.png
429,Mismagius,Ghost,,495,60,60,60,105,105,105,4,False,429,https://img.pokemondb.net/sprites/sword-shield/icon/mismagius.png,mismagius.png
430,Honchkrow,Dark,Flying,505,100,125,52,105,52,71,4,False,430,https://img.pokemondb.net/sprites/sword-shield/icon/honchkrow.png,honchkrow.png
431,Glameow,Normal,,310,49,55,42,42,37,85,4,False,431,https://img.pokemondb.net/sprites/sword-shield/icon/glameow.png,glameow.png
432,Purugly,Normal,,452,71,82,64,64,59,112,4,False,432,https://img.pokemondb.net/sprites/sword-shield/icon/purugly.png,purugly.png
433,Chingling,Psychic,,285,45,30,50,65,50,45,4,False,433,https://img.pokemondb.net/sprites/sword-shield/icon/chingling.png,chingling.png
434,Stunky,Poison,Dark,329,63,63,47,41,41,74,4,False,434,https://img.pokemondb.net/sprites/sword-shield/icon/stunky.png,stunky.png
435,Skuntank,Poison,Dark,479,103,93,67,71,61,84,4,False,435,https://img.pokemondb.net/sprites/sword-shield/icon/skuntank.png,skuntank.png
436,Bronzor,Steel,Psychic,300,57,24,86,24,86,23,4,False,436,https://img.pokemondb.net/sprites/sword-shield/icon/bronzor.png,bronzor.png
437,Bronzong,Steel,Psychic,500,67,89,116,79,116,33,4,False,437,https://img.pokemondb.net/sprites/sword-shield/icon/bronzong.png,bronzong.png
438,Bonsly,Rock,,290,50,80,95,10,45,10,4,False,438,https://img.pokemondb.net/sprites/sword-shield/icon/bonsly.png,bonsly.png
439,"Mime Jr.",Psychic,Fairy,310,20,25,45,70,90,60,4,False,439,https://img.pokemondb.net/sprites/sword-shield/icon/mime-jr.png,mime-jr.png
440,Happiny,Normal,,220,100,5,5,15,65,30,4,False,440,https://img.pokemondb.net/sprites/sword-shield/icon/happiny.png,happiny.png
441,Chatot,Normal,Flying,411,76,65,45,92,42,91,4,False,441,https://img.pokemondb.net/sprites/sword-shield/icon/chatot.png,chatot.png
442,Spiritomb,Ghost,Dark,485,50,92,108,92,108,35,4,False,442,https://img.pokemondb.net/sprites/sword-shield/icon/spiritomb.png,spiritomb.png
443,Gible,Dragon,Ground,300,58,70,45,40,45,42,4,False,443,https://img.pokemondb.net/sprites/sword-shield/icon/gible.png,gible.png
444,Gabite,Dragon,Ground,410,68,90,65,50,55,82,4,False,444,https://img.pokemondb.net/sprites/sword-shield/icon/gabite.png,gabite.png
445,"GarchompMega Garchomp",Dragon,Ground,700,108,170,115,120,95,92,4,False,445,https://img.pokemondb.net/sprites/sword-shield/icon/garchomp.png,garchomp.png
446,Munchlax,Normal,,390,135,85,40,40,85,5,4,False,446,https://img.pokemondb.net/sprites/sword-shield/icon/munchlax.png,munchlax.png
447,Riolu,Fighting,,285,40,70,40,35,40,60,4,False,447,https://img.pokemondb.net/sprites/sword-shield/icon/riolu.png,riolu.png
448,"LucarioMega Lucario",Fighting,Steel,625,70,145,88,140,70,112,4,False,448,https://img.pokemondb.net/sprites/sword-shield/icon/lucario.png,lucario.png
449,Hippopotas,Ground,,330,68,72,78,38,42,32,4,False,449,https://img.pokemondb.net/sprites/sword-shield/icon/hippopotas.png,hippopotas.png
450,Hippowdon,Ground,,525,108,112,118,68,72,47,4,False,450,https://img.pokemondb.net/sprites/sword-shield/icon/hippowdon.png,hippowdon.png
451,Skorupi,Poison,Bug,330,40,50,90,30,55,65,4,False,451,https://img.pokemondb.net/sprites/sword-shield/icon/skorupi.png,skorupi.png
452,Drapion,Poison,Dark,500,70,90,110,60,75,95,4,False,452,https://img.pokemondb.net/sprites/sword-shield/icon/drapion.png,drapion.png
453,Croagunk,Poison,Fighting,300,48,61,40,61,40,50,4,False,453,https://img.pokemondb.net/sprites/sword-shield/icon/croagunk.png,croagunk.png
454,Toxicroak,Poison,Fighting,490,83,106,65,86,65,85,4,False,454,https://img.pokemondb.net/sprites/sword-shield/icon/toxicroak.png,toxicroak.png
455,Carnivine,Grass,,454,74,100,72,90,72,46,4,False,455,https://img.pokemondb.net/sprites/sword-shield/icon/carnivine.png,carnivine.png
456,Finneon,Water,,330,49,49,56,49,61,66,4,False,456,https://img.pokemondb.net/sprites/sword-shield/icon/finneon.png,finneon.png
457,Lumineon,Water,,460,69,69,76,69,86,91,4,False,457,https://img.pokemondb.net/sprites/sword-shield/icon/lumineon.png,lumineon.png
458,Mantyke,Water,Flying,345,45,20,50,60,120,50,4,False,458,https://img.pokemondb.net/sprites/sword-shield/icon/mantyke.png,mantyke.png
459,Snover,Grass,Ice,334,60,62,50,62,60,40,4,False,459,https://img.pokemondb.net/sprites/sword-shield/icon/snover.png,snover.png
460,"AbomasnowMega Abomasnow",Grass,Ice,594,90,132,105,132,105,30,4,False,460,https://img.pokemondb.net/sprites/sword-shield/icon/abomasnow.png,abomasnow.png
461,Weavile,Dark,Ice,510,70,120,65,45,85,125,4,False,461,https://img.pokemondb.net/sprites/sword-shield/icon/weavile.png,weavile.png
462,Magnezone,Electric,Steel,535,70,70,115,130,90,60,4,False,462,https://img.pokemondb.net/sprites/sword-shield/icon/magnezone.png,magnezone.png
463,Lickilicky,Normal,,515,110,85,95,80,95,50,4,False,463,https://img.pokemondb.net/sprites/sword-shield/icon/lickilicky.png,lickilicky.png
464,Rhyperior,Ground,Rock,535,115,140,130,55,55,40,4,False,464,https://img.pokemondb.net/sprites/sword-shield/icon/rhyperior.png,rhyperior.png
465,Tangrowth,Grass,,535,100,100,125,110,50,50,4,False,465,https://img.pokemondb.net/sprites/sword-shield/icon/tangrowth.png,tangrowth.png
466,Electivire,Electric,,540,75,123,67,95,85,95,4,False,466,https://img.pokemondb.net/sprites/sword-shield/icon/electivire.png,electivire.png
467,Magmortar,Fire,,540,75,95,67,125,95,83,4,False,467,https://img.pokemondb.net/sprites/sword-shield/icon/magmortar.png,magmortar.png
468,Togekiss,Fairy,Flying,545,85,50,95,120,115,80,4,False,468,https://img.pokemondb.net/sprites/sword-shield/icon/togekiss.png,togekiss.png
469,Yanmega,Bug,Flying,515,86,76,86,116,56,95,4,False,469,https://img.pokemondb.net/sprites/sword-shield/icon/yanmega.png,yanmega.png
470,Leafeon,Grass,,525,65,110,130,60,65,95,4,False,470,https://img.pokemondb.net/sprites/sword-shield/icon/leafeon.png,leafeon.png
471,Glaceon,Ice,,525,65,60,110,130,95,65,4,False,471,https://img.pokemondb.net/sprites/sword-shield/icon/glaceon.png,glaceon.png
472,Gliscor,Ground,Flying,510,75,95,125,45,75,95,4,False,472,https://img.pokemondb.net/sprites/sword-shield/icon/gliscor.png,gliscor.png
473,Mamoswine,Ice,Ground,530,110,130,80,70,60,80,4,False,473,https://img.pokemondb.net/sprites/sword-shield/icon/mamoswine.png,mamoswine.png
474,Porygon-Z,Normal,,535,85,80,70,135,75,90,4,False,474,https://img.pokemondb.net/sprites/sword-shield/icon/porygon-z.png,porygon-z.png
475,"GalladeMega Gallade",Psychic,Fighting,618,68,165,95,65,115,110,4,False,475,https://img.pokemondb.net/sprites/sword-shield/icon/gallade.png,gallade.png
476,Probopass,Rock,Steel,525,60,55,145,75,150,40,4,False,476,https://img.pokemondb.net/sprites/sword-shield/icon/probopass.png,probopass.png
477,Dusknoir,Ghost,,525,45,100,135,65,135,45,4,False,477,https://img.pokemondb.net/sprites/sword-shield/icon/dusknoir.png,dusknoir.png
478,Froslass,Ice,Ghost,480,70,80,70,80,70,110,4,False,478,https://img.pokemondb.net/sprites/sword-shield/icon/froslass.png,froslass.png
479,"RotomMow Rotom",Electric,Grass,520,50,65,107,105,107,86,4,False,479,https://img.pokemondb.net/sprites/sword-shield/icon/rotom.png,rotom.png
480,Uxie,Psychic,,580,75,75,130,75,130,95,4,True,480,https://img.pokemondb.net/sprites/sword-shield/icon/uxie.png,uxie.png
481,Mesprit,Psychic,,580,80,105,105,105,105,80,4,True,481,https://img.pokemondb.net/sprites/sword-shield/icon/mesprit.png,mesprit.png
482,Azelf,Psychic,,580,75,125,70,125,70,115,4,True,482,https://img.pokemondb.net/sprites/sword-shield/icon/azelf.png,azelf.png
483,Dialga,Steel,Dragon,680,100,120,120,150,100,90,4,True,483,https://img.pokemondb.net/sprites/sword-shield/icon/dialga.png,dialga.png
484,Palkia,Water,Dragon,680,90,120,100,150,120,100,4,True,484,https://img.pokemondb.net/sprites/sword-shield/icon/palkia.png,palkia.png
485,Heatran,Fire,Steel,600,91,90,106,130,106,77,4,True,485,https://img.pokemondb.net/sprites/sword-shield/icon/heatran.png,heatran.png
486,Regigigas,Normal,,670,110,160,110,80,110,100,4,True,486,https://img.pokemondb.net/sprites/sword-shield/icon/regigigas.png,regigigas.png
487,"GiratinaOrigin Forme",Ghost,Dragon,680,150,120,100,120,100,90,4,True,487,https://img.pokemondb.net/sprites/sword-shield/icon/giratina-altered.png,giratina-altered.png
488,Cresselia,Psychic,,600,120,70,120,75,130,85,4,False,488,https://img.pokemondb.net/sprites/sword-shield/icon/cresselia.png,cresselia.png
489,Phione,Water,,480,80,80,80,80,80,80,4,False,489,https://img.pokemondb.net/sprites/sword-shield/icon/phione.png,phione.png
490,Manaphy,Water,,600,100,100,100,100,100,100,4,False,490,https://img.pokemondb.net/sprites/sword-shield/icon/manaphy.png,manaphy.png
491,Darkrai,Dark,,600,70,90,90,135,90,125,4,True,491,https://img.pokemondb.net/sprites/sword-shield/icon/darkrai.png,darkrai.png
492,"ShayminSky Forme",Grass,Flying,600,100,103,75,120,75,127,4,True,492,https://img.pokemondb.net/sprites/sword-shield/icon/shaymin-land.png,shaymin-land.png
493,Arceus,Normal,,720,120,120,120,120,120,120,4,True,493,https://img.pokemondb.net/sprites/sword-shield/icon/arceus.png,arceus.png
494,Victini,Psychic,Fire,600,100,100,100,100,100,100,5,True,494,https://img.pokemondb.net/sprites/sword-shield/icon/victini.png,victini.png
495,Snivy,Grass,,308,45,45,55,45,55,63,5,False,495,https://img.pokemondb.net/sprites/sword-shield/icon/snivy.png,snivy.png
496,Servine,Grass,,413,60,60,75,60,75,83,5,False,496,https://img.pokemondb.net/sprites/sword-shield/icon/servine.png,servine.png
497,Serperior,Grass,,528,75,75,95,75,95,113,5,False,497,https://img.pokemondb.net/sprites/sword-shield/icon/serperior.png,serperior.png
498,Tepig,Fire,,308,65,63,45,45,45,45,5,False,498,https://img.pokemondb.net/sprites/sword-shield/icon/tepig.png,tepig.png
499,Pignite,Fire,Fighting,418,90,93,55,70,55,55,5,False,499,https://img.pokemondb.net/sprites/sword-shield/icon/pignite.png,pignite.png
500,Emboar,Fire,Fighting,528,110,123,65,100,65,65,5,False,500,https://img.pokemondb.net/sprites/sword-shield/icon/emboar.png,emboar.png
501,Oshawott,Water,,308,55,55,45,63,45,45,5,False,501,https://img.pokemondb.net/sprites/sword-shield/icon/oshawott.png,oshawott.png
502,Dewott,Water,,413,75,75,60,83,60,60,5,False,502,https://img.pokemondb.net/sprites/sword-shield/icon/dewott.png,dewott.png
503,Samurott,Water,,528,95,100,85,108,70,70,5,False,503,https://img.pokemondb.net/sprites/sword-shield/icon/samurott.png,samurott.png
504,Patrat,Normal,,255,45,55,39,35,39,42,5,False,504,https://img.pokemondb.net/sprites/sword-shield/icon/patrat.png,patrat.png
505,Watchog,Normal,,420,60,85,69,60,69,77,5,False,505,https://img.pokemondb.net/sprites/sword-shield/icon/watchog.png,watchog.png
506,Lillipup,Normal,,275,45,60,45,25,45,55,5,False,506,https://img.pokemondb.net/sprites/sword-shield/icon/lillipup.png,lillipup.png
507,Herdier,Normal,,370,65,80,65,35,65,60,5,False,507,https://img.pokemondb.net/sprites/sword-shield/icon/herdier.png,herdier.png
508,Stoutland,Normal,,500,85,110,90,45,90,80,5,False,508,https://img.pokemondb.net/sprites/sword-shield/icon/stoutland.png,stoutland.png
509,Purrloin,Dark,,281,41,50,37,50,37,66,5,False,509,https://img.pokemondb.net/sprites/sword-shield/icon/purrloin.png,purrloin.png
510,Liepard,Dark,,446,64,88,50,88,50,106,5,False,510,https://img.pokemondb.net/sprites/sword-shield/icon/liepard.png,liepard.png
511,Pansage,Grass,,316,50,53,48,53,48,64,5,False,511,https://img.pokemondb.net/sprites/sword-shield/icon/pansage.png,pansage.png
512,Simisage,Grass,,498,75,98,63,98,63,101,5,False,512,https://img.pokemondb.net/sprites/sword-shield/icon/simisage.png,simisage.png
513,Pansear,Fire,,316,50,53,48,53,48,64,5,False,513,https://img.pokemondb.net/sprites/sword-shield/icon/pansear.png,pansear.png
514,Simisear,Fire,,498,75,98,63,98,63,101,5,False,514,https://img.pokemondb.net/sprites/sword-shield/icon/simisear.png,simisear.png
515,Panpour,Water,,316,50,53,48,53,48,64,5,False,515,https://img.pokemondb.net/sprites/sword-shield/icon/panpour.png,panpour.png
516,Simipour,Water,,498,75,98,63,98,63,101,5,False,516,https://img.pokemondb.net/sprites/sword-shield/icon/simipour.png,simipour.png
517,Munna,Psychic,,292,76,25,45,67,55,24,5,False,517,https://img.pokemondb.net/sprites/sword-shield/icon/munna.png,munna.png
518,Musharna,Psychic,,487,116,55,85,107,95,29,5,False,518,https://img.pokemondb.net/sprites/sword-shield/icon/musharna.png,musharna.png
519,Pidove,Normal,Flying,264,50,55,50,36,30,43,5,False,519,https://img.pokemondb.net/sprites/sword-shield/icon/pidove.png,pidove.png
520,Tranquill,Normal,Flying,358,62,77,62,50,42,65,5,False,520,https://img.pokemondb.net/sprites/sword-shield/icon/tranquill.png,tranquill.png
521,Unfezant,Normal,Flying,488,80,115,80,65,55,93,5,False,521,https://img.pokemondb.net/sprites/sword-shield/icon/unfezant.png,unfezant.png
522,Blitzle,Electric,,295,45,60,32,50,32,76,5,False,522,https://img.pokemondb.net/sprites/sword-shield/icon/blitzle.png,blitzle.png
523,Zebstrika,Electric,,497,75,100,63,80,63,116,5,False,523,https://img.pokemondb.net/sprites/sword-shield/icon/zebstrika.png,zebstrika.png
524,Roggenrola,Rock,,280,55,75,85,25,25,15,5,False,524,https://img.pokemondb.net/sprites/sword-shield/icon/roggenrola.png,roggenrola.png
525,Boldore,Rock,,390,70,105,105,50,40,20,5,False,525,https://img.pokemondb.net/sprites/sword-shield/icon/boldore.png,boldore.png
526,Gigalith,Rock,,515,85,135,130,60,80,25,5,False,526,https://img.pokemondb.net/sprites/sword-shield/icon/gigalith.png,gigalith.png
527,Woobat,Psychic,Flying,313,55,45,43,55,43,72,5,False,527,https://img.pokemondb.net/sprites/sword-shield/icon/woobat.png,woobat.png
528,Swoobat,Psychic,Flying,425,67,57,55,77,55,114,5,False,528,https://img.pokemondb.net/sprites/sword-shield/icon/swoobat.png,swoobat.png
529,Drilbur,Ground,,328,60,85,40,30,45,68,5,False,529,https://img.pokemondb.net/sprites/sword-shield/icon/drilbur.png,drilbur.png
530,Excadrill,Ground,Steel,508,110,135,60,50,65,88,5,False,530,https://img.pokemondb.net/sprites/sword-shield/icon/excadrill.png,excadrill.png
531,"AudinoMega Audino",Normal,Fairy,545,103,60,126,80,126,50,5,False,531,https://img.pokemondb.net/sprites/sword-shield/icon/audino.png,audino.png
532,Timburr,Fighting,,305,75,80,55,25,35,35,5,False,532,https://img.pokemondb.net/sprites/sword-shield/icon/timburr.png,timburr.png
533,Gurdurr,Fighting,,405,85,105,85,40,50,40,5,False,533,https://img.pokemondb.net/sprites/sword-shield/icon/gurdurr.png,gurdurr.png
534,Conkeldurr,Fighting,,505,105,140,95,55,65,45,5,False,534,https://img.pokemondb.net/sprites/sword-shield/icon/conkeldurr.png,conkeldurr.png
535,Tympole,Water,,294,50,50,40,50,40,64,5,False,535,https://img.pokemondb.net/sprites/sword-shield/icon/tympole.png,tympole.png
536,Palpitoad,Water,Ground,384,75,65,55,65,55,69,5,False,536,https://img.pokemondb.net/sprites/sword-shield/icon/palpitoad.png,palpitoad.png
537,Seismitoad,Water,Ground,509,105,95,75,85,75,74,5,False,537,https://img.pokemondb.net/sprites/sword-shield/icon/seismitoad.png,seismitoad.png
538,Throh,Fighting,,465,120,100,85,30,85,45,5,False,538,https://img.pokemondb.net/sprites/sword-shield/icon/throh.png,throh.png
539,Sawk,Fighting,,465,75,125,75,30,75,85,5,False,539,https://img.pokemondb.net/sprites/sword-shield/icon/sawk.png,sawk.png
540,Sewaddle,Bug,Grass,310,45,53,70,40,60,42,5,False,540,https://img.pokemondb.net/sprites/sword-shield/icon/sewaddle.png,sewaddle.png
541,Swadloon,Bug,Grass,380,55,63,90,50,80,42,5,False,541,https://img.pokemondb.net/sprites/sword-shield/icon/swadloon.png,swadloon.png
542,Leavanny,Bug,Grass,500,75,103,80,70,80,92,5,False,542,https://img.pokemondb.net/sprites/sword-shield/icon/leavanny.png,leavanny.png
543,Venipede,Bug,Poison,260,30,45,59,30,39,57,5,False,543,https://img.pokemondb.net/sprites/sword-shield/icon/venipede.png,venipede.png
544,Whirlipede,Bug,Poison,360,40,55,99,40,79,47,5,False,544,https://img.pokemondb.net/sprites/sword-shield/icon/whirlipede.png,whirlipede.png
545,Scolipede,Bug,Poison,485,60,100,89,55,69,112,5,False,545,https://img.pokemondb.net/sprites/sword-shield/icon/scolipede.png,scolipede.png
546,Cottonee,Grass,Fairy,280,40,27,60,37,50,66,5,False,546,https://img.pokemondb.net/sprites/sword-shield/icon/cottonee.png,cottonee.png
547,Whimsicott,Grass,Fairy,480,60,67,85,77,75,116,5,False,547,https://img.pokemondb.net/sprites/sword-shield/icon/whimsicott.png,whimsicott.png
548,Petilil,Grass,,280,45,35,50,70,50,30,5,False,548,https://img.pokemondb.net/sprites/sword-shield/icon/petilil.png,petilil.png
549,Lilligant,Grass,,480,70,60,75,110,75,90,5,False,549,https://img.pokemondb.net/sprites/sword-shield/icon/lilligant.png,lilligant.png
550,Basculin,Water,,460,70,92,65,80,55,98,5,False,550,https://img.pokemondb.net/sprites/sword-shield/icon/basculin-red-striped.png,basculin-red-striped.png
551,Sandile,Ground,Dark,292,50,72,35,35,35,65,5,False,551,https://img.pokemondb.net/sprites/sword-shield/icon/sandile.png,sandile.png
552,Krokorok,Ground,Dark,351,60,82,45,45,45,74,5,False,552,https://img.pokemondb.net/sprites/sword-shield/icon/krokorok.png,krokorok.png
553,Krookodile,Ground,Dark,519,95,117,80,65,70,92,5,False,553,https://img.pokemondb.net/sprites/sword-shield/icon/krookodile.png,krookodile.png
554,Darumaka,Fire,,315,70,90,45,15,45,50,5,False,554,https://img.pokemondb.net/sprites/sword-shield/icon/darumaka.png,darumaka.png
555,"DarmanitanZen Mode",Fire,Psychic,540,105,30,105,140,105,55,5,False,555,https://img.pokemondb.net/sprites/sword-shield/icon/darmanitan-standard.png,darmanitan-standard.png
556,Maractus,Grass,,461,75,86,67,106,67,60,5,False,556,https://img.pokemondb.net/sprites/sword-shield/icon/maractus.png,maractus.png
557,Dwebble,Bug,Rock,325,50,65,85,35,35,55,5,False,557,https://img.pokemondb.net/sprites/sword-shield/icon/dwebble.png,dwebble.png
558,Crustle,Bug,Rock,475,70,95,125,65,75,45,5,False,558,https://img.pokemondb.net/sprites/sword-shield/icon/crustle.png,crustle.png
559,Scraggy,Dark,Fighting,348,50,75,70,35,70,48,5,False,559,https://img.pokemondb.net/sprites/sword-shield/icon/scraggy.png,scraggy.png
560,Scrafty,Dark,Fighting,488,65,90,115,45,115,58,5,False,560,https://img.pokemondb.net/sprites/sword-shield/icon/scrafty.png,scrafty.png
561,Sigilyph,Psychic,Flying,490,72,58,80,103,80,97,5,False,561,https://img.pokemondb.net/sprites/sword-shield/icon/sigilyph.png,sigilyph.png
562,Yamask,Ghost,,303,38,30,85,55,65,30,5,False,562,https://img.pokemondb.net/sprites/sword-shield/icon/yamask.png,yamask.png
563,Cofagrigus,Ghost,,483,58,50,145,95,105,30,5,False,563,https://img.pokemondb.net/sprites/sword-shield/icon/cofagrigus.png,cofagrigus.png
564,Tirtouga,Water,Rock,355,54,78,103,53,45,22,5,False,564,https://img.pokemondb.net/sprites/sword-shield/icon/tirtouga.png,tirtouga.png
565,Carracosta,Water,Rock,495,74,108,133,83,65,32,5,False,565,https://img.pokemondb.net/sprites/sword-shield/icon/carracosta.png,carracosta.png
566,Archen,Rock,Flying,401,55,112,45,74,45,70,5,False,566,https://img.pokemondb.net/sprites/sword-shield/icon/archen.png,archen.png
567,Archeops,Rock,Flying,567,75,140,65,112,65,110,5,False,567,https://img.pokemondb.net/sprites/sword-shield/icon/archeops.png,archeops.png
568,Trubbish,Poison,,329,50,50,62,40,62,65,5,False,568,https://img.pokemondb.net/sprites/sword-shield/icon/trubbish.png,trubbish.png
569,Garbodor,Poison,,474,80,95,82,60,82,75,5,False,569,https://img.pokemondb.net/sprites/sword-shield/icon/garbodor.png,garbodor.png
570,Zorua,Dark,,330,40,65,40,80,40,65,5,False,570,https://img.pokemondb.net/sprites/sword-shield/icon/zorua.png,zorua.png
571,Zoroark,Dark,,510,60,105,60,120,60,105,5,False,571,https://img.pokemondb.net/sprites/sword-shield/icon/zoroark.png,zoroark.png
572,Minccino,Normal,,300,55,50,40,40,40,75,5,False,572,https://img.pokemondb.net/sprites/sword-shield/icon/minccino.png,minccino.png
573,Cinccino,Normal,,470,75,95,60,65,60,115,5,False,573,https://img.pokemondb.net/sprites/sword-shield/icon/cinccino.png,cinccino.png
574,Gothita,Psychic,,290,45,30,50,55,65,45,5,False,574,https://img.pokemondb.net/sprites/sword-shield/icon/gothita.png,gothita.png
575,Gothorita,Psychic,,390,60,45,70,75,85,55,5,False,575,https://img.pokemondb.net/sprites/sword-shield/icon/gothorita.png,gothorita.png
576,Gothitelle,Psychic,,490,70,55,95,95,110,65,5,False,576,https://img.pokemondb.net/sprites/sword-shield/icon/gothitelle.png,gothitelle.png
577,Solosis,Psychic,,290,45,30,40,105,50,20,5,False,577,https://img.pokemondb.net/sprites/sword-shield/icon/solosis.png,solosis.png
578,Duosion,Psychic,,370,65,40,50,125,60,30,5,False,578,https://img.pokemondb.net/sprites/sword-shield/icon/duosion.png,duosion.png
579,Reuniclus,Psychic,,490,110,65,75,125,85,30,5,False,579,https://img.pokemondb.net/sprites/sword-shield/icon/reuniclus.png,reuniclus.png
580,Ducklett,Water,Flying,305,62,44,50,44,50,55,5,False,580,https://img.pokemondb.net/sprites/sword-shield/icon/ducklett.png,ducklett.png
581,Swanna,Water,Flying,473,75,87,63,87,63,98,5,False,581,https://img.pokemondb.net/sprites/sword-shield/icon/swanna.png,swanna.png
582,Vanillite,Ice,,305,36,50,50,65,60,44,5,False,582,https://img.pokemondb.net/sprites/sword-shield/icon/vanillite.png,vanillite.png
583,Vanillish,Ice,,395,51,65,65,80,75,59,5,False,583,https://img.pokemondb.net/sprites/sword-shield/icon/vanillish.png,vanillish.png
584,Vanilluxe,Ice,,535,71,95,85,110,95,79,5,False,584,https://img.pokemondb.net/sprites/sword-shield/icon/vanilluxe.png,vanilluxe.png
585,Deerling,Normal,Grass,335,60,60,50,40,50,75,5,False,585,https://img.pokemondb.net/sprites/sword-shield/icon/deerling.png,deerling.png
586,Sawsbuck,Normal,Grass,475,80,100,70,60,70,95,5,False,586,https://img.pokemondb.net/sprites/sword-shield/icon/sawsbuck.png,sawsbuck.png
587,Emolga,Electric,Flying,428,55,75,60,75,60,103,5,False,587,https://img.pokemondb.net/sprites/sword-shield/icon/emolga.png,emolga.png
588,Karrablast,Bug,,315,50,75,45,40,45,60,5,False,588,https://img.pokemondb.net/sprites/sword-shield/icon/karrablast.png,karrablast.png
589,Escavalier,Bug,Steel,495,70,135,105,60,105,20,5,False,589,https://img.pokemondb.net/sprites/sword-shield/icon/escavalier.png,escavalier.png
590,Foongus,Grass,Poison,294,69,55,45,55,55,15,5,False,590,https://img.pokemondb.net/sprites/sword-shield/icon/foongus.png,foongus.png
591,Amoonguss,Grass,Poison,464,114,85,70,85,80,30,5,False,591,https://img.pokemondb.net/sprites/sword-shield/icon/amoonguss.png,amoonguss.png
592,Frillish,Water,Ghost,335,55,40,50,65,85,40,5,False,592,https://img.pokemondb.net/sprites/sword-shield/icon/frillish.png,frillish.png
593,Jellicent,Water,Ghost,480,100,60,70,85,105,60,5,False,593,https://img.pokemondb.net/sprites/sword-shield/icon/jellicent.png,jellicent.png
594,Alomomola,Water,,470,165,75,80,40,45,65,5,False,594,https://img.pokemondb.net/sprites/sword-shield/icon/alomomola.png,alomomola.png
595,Joltik,Bug,Electric,319,50,47,50,57,50,65,5,False,595,https://img.pokemondb.net/sprites/sword-shield/icon/joltik.png,joltik.png
596,Galvantula,Bug,Electric,472,70,77,60,97,60,108,5,False,596,https://img.pokemondb.net/sprites/sword-shield/icon/galvantula.png,galvantula.png
597,Ferroseed,Grass,Steel,305,44,50,91,24,86,10,5,False,597,https://img.pokemondb.net/sprites/sword-shield/icon/ferroseed.png,ferroseed.png
598,Ferrothorn,Grass,Steel,489,74,94,131,54,116,20,5,False,598,https://img.pokemondb.net/sprites/sword-shield/icon/ferrothorn.png,ferrothorn.png
599,Klink,Steel,,300,40,55,70,45,60,30,5,False,599,https://img.pokemondb.net/sprites/sword-shield/icon/klink.png,klink.png
600,Klang,Steel,,440,60,80,95,70,85,50,5,False,600,https://img.pokemondb.net/sprites/sword-shield/icon/klang.png,klang.png
601,Klinklang,Steel,,520,60,100,115,70,85,90,5,False,601,https://img.pokemondb.net/sprites/sword-shield/icon/klinklang.png,klinklang.png
602,Tynamo,Electric,,275,35,55,40,45,40,60,5,False,602,https://img.pokemondb.net/sprites/sword-shield/icon/tynamo.png,tynamo.png
603,Eelektrik,Electric,,405,65,85,70,75,70,40,5,False,603,https://img.pokemondb.net/sprites/sword-shield/icon/eelektrik.png,eelektrik.png
604,Eelektross,Electric,,515,85,115,80,105,80,50,5,False,604,https://img.pokemondb.net/sprites/sword-shield/icon/eelektross.png,eelektross.png
605,Elgyem,Psychic,,335,55,55,55,85,55,30,5,False,605,https://img.pokemondb.net/sprites/sword-shield/icon/elgyem.png,elgyem.png
606,Beheeyem,Psychic,,485,75,75,75,125,95,40,5,False,606,https://img.pokemondb.net/sprites/sword-shield/icon/beheeyem.png,beheeyem.png
607,Litwick,Ghost,Fire,275,50,30,55,65,55,20,5,False,607,https://img.pokemondb.net/sprites/sword-shield/icon/litwick.png,litwick.png
608,Lampent,Ghost,Fire,370,60,40,60,95,60,55,5,False,608,https://img.pokemondb.net/sprites/sword-shield/icon/lampent.png,lampent.png
609,Chandelure,Ghost,Fire,520,60,55,90,145,90,80,5,False,609,https://img.pokemondb.net/sprites/sword-shield/icon/chandelure.png,chandelure.png
610,Axew,Dragon,,320,46,87,60,30,40,57,5,False,610,https://img.pokemondb.net/sprites/sword-shield/icon/axew.png,axew.png
611,Fraxure,Dragon,,410,66,117,70,40,50,67,5,False,611,https://img.pokemondb.net/sprites/sword-shield/icon/fraxure.png,fraxure.png
612,Haxorus,Dragon,,540,76,147,90,60,70,97,5,False,612,https://img.pokemondb.net/sprites/sword-shield/icon/haxorus.png,haxorus.png
613,Cubchoo,Ice,,305,55,70,40,60,40,40,5,False,613,https://img.pokemondb.net/sprites/sword-shield/icon/cubchoo.png,cubchoo.png
614,Beartic,Ice,,485,95,110,80,70,80,50,5,False,614,https://img.pokemondb.net/sprites/sword-shield/icon/beartic.png,beartic.png
615,Cryogonal,Ice,,485,70,50,30,95,135,105,5,False,615,https://img.pokemondb.net/sprites/sword-shield/icon/cryogonal.png,cryogonal.png
616,Shelmet,Bug,,305,50,40,85,40,65,25,5,False,616,https://img.pokemondb.net/sprites/sword-shield/icon/shelmet.png,shelmet.png
617,Accelgor,Bug,,495,80,70,40,100,60,145,5,False,617,https://img.pokemondb.net/sprites/sword-shield/icon/accelgor.png,accelgor.png
618,Stunfisk,Ground,Electric,471,109,66,84,81,99,32,5,False,618,https://img.pokemondb.net/sprites/sword-shield/icon/stunfisk.png,stunfisk.png
619,Mienfoo,Fighting,,350,45,85,50,55,50,65,5,False,619,https://img.pokemondb.net/sprites/sword-shield/icon/mienfoo.png,mienfoo.png
620,Mienshao,Fighting,,510,65,125,60,95,60,105,5,False,620,https://img.pokemondb.net/sprites/sword-shield/icon/mienshao.png,mienshao.png
621,Druddigon,Dragon,,485,77,120,90,60,90,48,5,False,621,https://img.pokemondb.net/sprites/sword-shield/icon/druddigon.png,druddigon.png
622,Golett,Ground,Ghost,303,59,74,50,35,50,35,5,False,622,https://img.pokemondb.net/sprites/sword-shield/icon/golett.png,golett.png
623,Golurk,Ground,Ghost,483,89,124,80,55,80,55,5,False,623,https://img.pokemondb.net/sprites/sword-shield/icon/golurk.png,golurk.png
624,Pawniard,Dark,Steel,340,45,85,70,40,40,60,5,False,624,https://img.pokemondb.net/sprites/sword-shield/icon/pawniard.png,pawniard.png
625,Bisharp,Dark,Steel,490,65,125,100,60,70,70,5,False,625,https://img.pokemondb.net/sprites/sword-shield/icon/bisharp.png,bisharp.png
626,Bouffalant,Normal,,490,95,110,95,40,95,55,5,False,626,https://img.pokemondb.net/sprites/sword-shield/icon/bouffalant.png,bouffalant.png
627,Rufflet,Normal,Flying,350,70,83,50,37,50,60,5,False,627,https://img.pokemondb.net/sprites/sword-shield/icon/rufflet.png,rufflet.png
628,Braviary,Normal,Flying,510,100,123,75,57,75,80,5,False,628,https://img.pokemondb.net/sprites/sword-shield/icon/braviary.png,braviary.png
629,Vullaby,Dark,Flying,370,70,55,75,45,65,60,5,False,629,https://img.pokemondb.net/sprites/sword-shield/icon/vullaby.png,vullaby.png
630,Mandibuzz,Dark,Flying,510,110,65,105,55,95,80,5,False,630,https://img.pokemondb.net/sprites/sword-shield/icon/mandibuzz.png,mandibuzz.png
631,Heatmor,Fire,,484,85,97,66,105,66,65,5,False,631,https://img.pokemondb.net/sprites/sword-shield/icon/heatmor.png,heatmor.png
632,Durant,Bug,Steel,484,58,109,112,48,48,109,5,False,632,https://img.pokemondb.net/sprites/sword-shield/icon/durant.png,durant.png
633,Deino,Dark,Dragon,300,52,65,50,45,50,38,5,False,633,https://img.pokemondb.net/sprites/sword-shield/icon/deino.png,deino.png
634,Zweilous,Dark,Dragon,420,72,85,70,65,70,58,5,False,634,https://img.pokemondb.net/sprites/sword-shield/icon/zweilous.png,zweilous.png
635,Hydreigon,Dark,Dragon,600,92,105,90,125,90,98,5,False,635,https://img.pokemondb.net/sprites/sword-shield/icon/hydreigon.png,hydreigon.png
636,Larvesta,Bug,Fire,360,55,85,55,50,55,60,5,False,636,https://img.pokemondb.net/sprites/sword-shield/icon/larvesta.png,larvesta.png
637,Volcarona,Bug,Fire,550,85,60,65,135,105,100,5,False,637,https://img.pokemondb.net/sprites/sword-shield/icon/volcarona.png,volcarona.png
638,Cobalion,Steel,Fighting,580,91,90,129,90,72,108,5,True,638,https://img.pokemondb.net/sprites/sword-shield/icon/cobalion.png,cobalion.png
639,Terrakion,Rock,Fighting,580,91,129,90,72,90,108,5,True,639,https://img.pokemondb.net/sprites/sword-shield/icon/terrakion.png,terrakion.png
640,Virizion,Grass,Fighting,580,91,90,72,90,129,108,5,True,640,https://img.pokemondb.net/sprites/sword-shield/icon/virizion.png,virizion.png
641,"TornadusTherian Forme",Flying,,580,79,100,80,110,90,121,5,True,641,https://img.pokemondb.net/sprites/sword-shield/icon/tornadus-incarnate.png,tornadus-incarnate.png
642,"ThundurusTherian Forme",Electric,Flying,580,79,105,70,145,80,101,5,True,642,https://img.pokemondb.net/sprites/sword-shield/icon/thundurus-incarnate.png,thundurus-incarnate.png
643,Reshiram,Dragon,Fire,680,100,120,100,150,120,90,5,True,643,https://img.pokemondb.net/sprites/sword-shield/icon/reshiram.png,reshiram.png
644,Zekrom,Dragon,Electric,680,100,150,120,120,100,90,5,True,644,https://img.pokemondb.net/sprites/sword-shield/icon/zekrom.png,zekrom.png
645,"LandorusTherian Forme",Ground,Flying,600,89,145,90,105,80,91,5,True,645,https://img.pokemondb.net/sprites/sword-shield/icon/landorus-incarnate.png,landorus-incarnate.png
646,"KyuremWhite Kyurem",Dragon,Ice,700,125,120,90,170,100,95,5,True,646,https://img.pokemondb.net/sprites/sword-shield/icon/kyurem.png,kyurem.png
647,"KeldeoResolute Forme",Water,Fighting,580,91,72,90,129,90,108,5,False,647,https://img.pokemondb.net/sprites/sword-shield/icon/keldeo-ordinary.png,keldeo-ordinary.png
648,"MeloettaPirouette Forme",Normal,Fighting,600,100,128,90,77,77,128,5,False,648,https://img.pokemondb.net/sprites/sword-shield/icon/meloetta-aria.png,meloetta-aria.png
649,Genesect,Bug,Steel,600,71,120,95,120,95,99,5,False,649,https://img.pokemondb.net/sprites/sword-shield/icon/genesect.png,genesect.png
650,Chespin,Grass,,313,56,61,65,48,45,38,6,False,650,https://img.pokemondb.net/sprites/sword-shield/icon/chespin.png,chespin.png
651,Quilladin,Grass,,405,61,78,95,56,58,57,6,False,651,https://img.pokemondb.net/sprites/sword-shield/icon/quilladin.png,quilladin.png
652,Chesnaught,Grass,Fighting,530,88,107,122,74,75,64,6,False,652,https://img.pokemondb.net/sprites/sword-shield/icon/chesnaught.png,chesnaught.png
653,Fennekin,Fire,,307,40,45,40,62,60,60,6,False,653,https://img.pokemondb.net/sprites/sword-shield/icon/fennekin.png,fennekin.png
654,Braixen,Fire,,409,59,59,58,90,70,73,6,False,654,https://img.pokemondb.net/sprites/sword-shield/icon/braixen.png,braixen.png
655,Delphox,Fire,Psychic,534,75,69,72,114,100,104,6,False,655,https://img.pokemondb.net/sprites/sword-shield/icon/delphox.png,delphox.png
656,Froakie,Water,,314,41,56,40,62,44,71,6,False,656,https://img.pokemondb.net/sprites/sword-shield/icon/froakie.png,froakie.png
657,Frogadier,Water,,405,54,63,52,83,56,97,6,False,657,https://img.pokemondb.net/sprites/sword-shield/icon/frogadier.png,frogadier.png
658,Greninja,Water,Dark,530,72,95,67,103,71,122,6,False,658,https://img.pokemondb.net/sprites/sword-shield/icon/greninja.png,greninja.png
659,Bunnelby,Normal,,237,38,36,38,32,36,57,6,False,659,https://img.pokemondb.net/sprites/sword-shield/icon/bunnelby.png,bunnelby.png
660,Diggersby,Normal,Ground,423,85,56,77,50,77,78,6,False,660,https://img.pokemondb.net/sprites/sword-shield/icon/diggersby.png,diggersby.png
661,Fletchling,Normal,Flying,278,45,50,43,40,38,62,6,False,661,https://img.pokemondb.net/sprites/sword-shield/icon/fletchling.png,fletchling.png
662,Fletchinder,Fire,Flying,382,62,73,55,56,52,84,6,False,662,https://img.pokemondb.net/sprites/sword-shield/icon/fletchinder.png,fletchinder.png
663,Talonflame,Fire,Flying,499,78,81,71,74,69,126,6,False,663,https://img.pokemondb.net/sprites/sword-shield/icon/talonflame.png,talonflame.png
664,Scatterbug,Bug,,200,38,35,40,27,25,35,6,False,664,https://img.pokemondb.net/sprites/sword-shield/icon/scatterbug.png,scatterbug.png
665,Spewpa,Bug,,213,45,22,60,27,30,29,6,False,665,https://img.pokemondb.net/sprites/sword-shield/icon/spewpa.png,spewpa.png
666,Vivillon,Bug,Flying,411,80,52,50,90,50,89,6,False,666,https://img.pokemondb.net/sprites/sword-shield/icon/vivillon.png,vivillon.png
667,Litleo,Fire,Normal,369,62,50,58,73,54,72,6,False,667,https://img.pokemondb.net/sprites/sword-shield/icon/litleo.png,litleo.png
668,Pyroar,Fire,Normal,507,86,68,72,109,66,106,6,False,668,https://img.pokemondb.net/sprites/sword-shield/icon/pyroar.png,pyroar.png
669,Flabébé,Fairy,,303,44,38,39,61,79,42,6,False,669,https://img.pokemondb.net/sprites/sword-shield/icon/flabebe.png,flabebe.png
670,Floette,Fairy,,371,54,45,47,75,98,52,6,False,670,https://img.pokemondb.net/sprites/sword-shield/icon/floette.png,floette.png
671,Florges,Fairy,,552,78,65,68,112,154,75,6,False,671,https://img.pokemondb.net/sprites/sword-shield/icon/florges.png,florges.png
672,Skiddo,Grass,,350,66,65,48,62,57,52,6,False,672,https://img.pokemondb.net/sprites/sword-shield/icon/skiddo.png,skiddo.png
673,Gogoat,Grass,,531,123,100,62,97,81,68,6,False,673,https://img.pokemondb.net/sprites/sword-shield/icon/gogoat.png,gogoat.png
674,Pancham,Fighting,,348,67,82,62,46,48,43,6,False,674,https://img.pokemondb.net/sprites/sword-shield/icon/pancham.png,pancham.png
675,Pangoro,Fighting,Dark,495,95,124,78,69,71,58,6,False,675,https://img.pokemondb.net/sprites/sword-shield/icon/pangoro.png,pangoro.png
676,Furfrou,Normal,,472,75,80,60,65,90,102,6,False,676,https://img.pokemondb.net/sprites/sword-shield/icon/furfrou.png,furfrou.png
677,Espurr,Psychic,,355,62,48,54,63,60,68,6,False,677,https://img.pokemondb.net/sprites/sword-shield/icon/espurr.png,espurr.png
678,MeowsticFemale,Psychic,,466,74,48,76,83,81,104,6,False,678,https://img.pokemondb.net/sprites/sword-shield/icon/meowstic-male.png,meowstic-male.png
679,Honedge,Steel,Ghost,325,45,80,100,35,37,28,6,False,679,https://img.pokemondb.net/sprites/sword-shield/icon/honedge.png,honedge.png
680,Doublade,Steel,Ghost,448,59,110,150,45,49,35,6,False,680,https://img.pokemondb.net/sprites/sword-shield/icon/doublade.png,doublade.png
681,"AegislashShield Forme",Steel,Ghost,520,60,50,150,50,150,60,6,False,681,https://img.pokemondb.net/sprites/sword-shield/icon/aegislash-shield.png,aegislash-shield.png
682,Spritzee,Fairy,,341,78,52,60,63,65,23,6,False,682,https://img.pokemondb.net/sprites/sword-shield/icon/spritzee.png,spritzee.png
683,Aromatisse,Fairy,,462,101,72,72,99,89,29,6,False,683,https://img.pokemondb.net/sprites/sword-shield/icon/aromatisse.png,aromatisse.png
684,Swirlix,Fairy,,341,62,48,66,59,57,49,6,False,684,https://img.pokemondb.net/sprites/sword-shield/icon/swirlix.png,swirlix.png
685,Slurpuff,Fairy,,480,82,80,86,85,75,72,6,False,685,https://img.pokemondb.net/sprites/sword-shield/icon/slurpuff.png,slurpuff.png
686,Inkay,Dark,Psychic,288,53,54,53,37,46,45,6,False,686,https://img.pokemondb.net/sprites/sword-shield/icon/inkay.png,inkay.png
687,Malamar,Dark,Psychic,482,86,92,88,68,75,73,6,False,687,https://img.pokemondb.net/sprites/sword-shield/icon/malamar.png,malamar.png
688,Binacle,Rock,Water,306,42,52,67,39,56,50,6,False,688,https://img.pokemondb.net/sprites/sword-shield/icon/binacle.png,binacle.png
689,Barbaracle,Rock,Water,500,72,105,115,54,86,68,6,False,689,https://img.pokemondb.net/sprites/sword-shield/icon/barbaracle.png,barbaracle.png
690,Skrelp,Poison,Water,320,50,60,60,60,60,30,6,False,690,https://img.pokemondb.net/sprites/sword-shield/icon/skrelp.png,skrelp.png
691,Dragalge,Poison,Dragon,494,65,75,90,97,123,44,6,False,691,https://img.pokemondb.net/sprites/sword-shield/icon/dragalge.png,dragalge.png
692,Clauncher,Water,,330,50,53,62,58,63,44,6,False,692,https://img.pokemondb.net/sprites/sword-shield/icon/clauncher.png,clauncher.png
693,Clawitzer,Water,,500,71,73,88,120,89,59,6,False,693,https://img.pokemondb.net/sprites/sword-shield/icon/clawitzer.png,clawitzer.png
694,Helioptile,Electric,Normal,289,44,38,33,61,43,70,6,False,694,https://img.pokemondb.net/sprites/sword-shield/icon/helioptile.png,helioptile.png
695,Heliolisk,Electric,Normal,481,62,55,52,109,94,109,6,False,695,https://img.pokemondb.net/sprites/sword-shield/icon/heliolisk.png,heliolisk.png
696,Tyrunt,Rock,Dragon,362,58,89,77,45,45,48,6,False,696,https://img.pokemondb.net/sprites/sword-shield/icon/tyrunt.png,tyrunt.png
697,Tyrantrum,Rock,Dragon,521,82,121,119,69,59,71,6,False,697,https://img.pokemondb.net/sprites/sword-shield/icon/tyrantrum.png,tyrantrum.png
698,Amaura,Rock,Ice,362,77,59,50,67,63,46,6,False,698,https://img.pokemondb.net/sprites/sword-shield/icon/amaura.png,amaura.png
699,Aurorus,Rock,Ice,521,123,77,72,99,92,58,6,False,699,https://img.pokemondb.net/sprites/sword-shield/icon/aurorus.png,aurorus.png
700,Sylveon,Fairy,,525,95,65,65,110,130,60,6,False,700,https://img.pokemondb.net/sprites/sword-shield/icon/sylveon.png,sylveon.png
701,Hawlucha,Fighting,Flying,500,78,92,75,74,63,118,6,False,701,https://img.pokemondb.net/sprites/sword-shield/icon/hawlucha.png,hawlucha.png
702,Dedenne,Electric,Fairy,431,67,58,57,81,67,101,6,False,702,https://img.pokemondb.net/sprites/sword-shield/icon/dedenne.png,dedenne.png
703,Carbink,Rock,Fairy,500,50,50,150,50,150,50,6,False,703,https://img.pokemondb.net/sprites/sword-shield/icon/carbink.png,carbink.png
704,Goomy,Dragon,,300,45,50,35,55,75,40,6,False,704,https://img.pokemondb.net/sprites/sword-shield/icon/goomy.png,goomy.png
705,Sliggoo,Dragon,,452,68,75,53,83,113,60,6,False,705,https://img.pokemondb.net/sprites/sword-shield/icon/sliggoo.png,sliggoo.png
706,Goodra,Dragon,,600,90,100,70,110,150,80,6,False,706,https://img.pokemondb.net/sprites/sword-shield/icon/goodra.png,goodra.png
707,Klefki,Steel,Fairy,470,57,80,91,80,87,75,6,False,707,https://img.pokemondb.net/sprites/sword-shield/icon/klefki.png,klefki.png
708,Phantump,Ghost,Grass,309,43,70,48,50,60,38,6,False,708,https://img.pokemondb.net/sprites/sword-shield/icon/phantump.png,phantump.png
709,Trevenant,Ghost,Grass,474,85,110,76,65,82,56,6,False,709,https://img.pokemondb.net/sprites/sword-shield/icon/trevenant.png,trevenant.png
710,"PumpkabooSuper Size",Ghost,Grass,335,59,66,70,44,55,41,6,False,710,https://img.pokemondb.net/sprites/sword-shield/icon/pumpkaboo-average.png,pumpkaboo-average.png
711,"GourgeistSuper Size",Ghost,Grass,494,85,100,122,58,75,54,6,False,711,https://img.pokemondb.net/sprites/sword-shield/icon/gourgeist-average.png,gourgeist-average.png
712,Bergmite,Ice,,304,55,69,85,32,35,28,6,False,712,https://img.pokemondb.net/sprites/sword-shield/icon/bergmite.png,bergmite.png
713,Avalugg,Ice,,514,95,117,184,44,46,28,6,False,713,https://img.pokemondb.net/sprites/sword-shield/icon/avalugg.png,avalugg.png
714,Noibat,Flying,Dragon,245,40,30,35,45,40,55,6,False,714,https://img.pokemondb.net/sprites/sword-shield/icon/noibat.png,noibat.png
715,Noivern,Flying,Dragon,535,85,70,80,97,80,123,6,False,715,https://img.pokemondb.net/sprites/sword-shield/icon/noivern.png,noivern.png
716,Xerneas,Fairy,,680,126,131,95,131,98,99,6,True,716,https://img.pokemondb.net/sprites/sword-shield/icon/xerneas.png,xerneas.png
717,Yveltal,Dark,Flying,680,126,131,95,131,98,99,6,True,717,https://img.pokemondb.net/sprites/sword-shield/icon/yveltal.png,yveltal.png
718,"Zygarde50% Forme",Dragon,Ground,600,108,100,121,81,95,95,6,True,718,https://img.pokemondb.net/sprites/sword-shield/icon/zygarde-50.png,zygarde-50.png
719,"DiancieMega Diancie",Rock,Fairy,700,50,160,110,160,110,110,6,True,719,https://img.pokemondb.net/sprites/sword-shield/icon/diancie.png,diancie.png
720,"HoopaHoopa Unbound",Psychic,Dark,680,80,160,60,170,130,80,6,True,720,https://img.pokemondb.net/sprites/sword-shield/icon/hoopa-confined.png,hoopa-confined.png
721,Volcanion,Fire,Water,600,80,110,120,130,90,70,6,True,721,https://img.pokemondb.net/sprites/sword-shield/icon/volcanion.png,volcanion.png
